"","Estudiante","c_enrrolado","c_aprobados","sem_cursados","c_bajo_media","c_repetidos","c_mas_repetido","veces_c_mas_repetidos","PGA","PSP_RE_1","PSP_RE_2","PSP_RE_3","PSP_RE_4","PSP_RE_5","PSP_RE_6","PSP_RE_7","PSP_RE_8","PSP_ABS_1","PSP_ABS_2","PSP_ABS_3","PSP_ABS_4","PSP_ABS_5","PSP_ABS_6","PSP_ABS_7","PSP_ABS_8","aristas","densidad","diametro","long.med.cam","grado_medio","modularidad","Dropout"
"1","E0001",70,40,12,45,25,"A0007",4,0.00781656875,0.00580566832796,0.00288661732338,0.00486508524045,0.00484191819227,0.00650994739096,0.00129735609517,0.00397315292503,0.00602729994959,0.007265196,0.00767602166667,0.00497319833333,0.007054375,0.00778413666667,0.00726518,0.007784135,0.00681112142857,88,0.02,8,3.34,2.93,0.72,0
"2","E00010",52,31,7,19,9,"A0004",3,0.0077056683871,0.00666696866716,0.00402180384845,0.00548132937402,0.00532842673627,0.00726519394666,0.0061894695973,0.00278390994451,0,0.00739493,0.00751385833333,0.00470291666667,0.003054195,0.001783865,0,0,0,31,0.01,4,1.96,1.03,0.79,0
"3","E000105",6,2,2,5,0,"",0,0.00786522,0.00689220405184,0.00518942426424,0,0,0,0,0,0,0.001783864,0.00078382,0,0,0.000837875,0,0.00113518666667,0.000602344285714,0,0,0,0,0,0,1
"4","E000106",71,42,14,27,25,"A0004",3,0.00774938690476,0.00683428639812,0.00651380846587,0.00640569557436,0.00498671235982,0.00496238679625,0.00574080068618,0.00648678038269,0.00613000746816,0.007232762,0.00645975333333,0.00505428333333,0.00748682666667,0.00491914166667,0,0.00378395666667,0,52,0.01,4,2.02,1.73,0.81,0
"5","E000109",35,13,8,19,19,"A00064",4,0.00724773,0.00616244133562,0.0048110287947,0.00311365458183,0.0038920682855,0.0044110105373,0.00368935635197,0.00429749197792,0.00644623802509,0.00606514,0.001162215,0.00221631666667,0,0,0,0,0,19,0.01,2,1.33,0.63,0.81,1
"6","E000111",65,48,11,25,14,"A0004",3,0.00835511125,0.00681111915037,0.00774359412026,0.00616244124249,0.00486508528702,0.00710302451625,0.00600027184313,0.00454074625547,0.0077841366486,0.007459798,0.00570296166667,0.00637866666667,0.00818956,0.00754088166667,0.002951486,0.00845984,0.00776097,62,0.02,8,2.73,2.07,0.74,1
"7","E000114",86,64,14,26,17,"A00063",3,0.00830865328125,0.00803897410099,0.00827064489325,0.00545970676467,0.00538402758539,0.00462183100171,0.00766250910237,0.00518942435738,0.00541646154597,0.007654402,0.00702734666667,0.00648678166667,0.00748682666667,0.008108475,0.004508312,0.00840577833333,0.00783047142857,61,0.02,8,2.91,2.03,0.78,0
"8","E000115",61,34,12,21,24,"A00063",5,0.00765058441176,0.00556009741766,0.00656786491163,0.00835172971711,0.00466237345245,0.00710302451625,0.00291905119084,0.0050921224989,0.00442491084271,0.00697329,0.00689220166667,0.00572998666667,0.00140546833333,0.001919005,0,0.00275688,0,26,0.01,2,1.27,0.87,0.82,0
"9","E000117",31,17,4,12,7,"A00059",1,0.00765058764706,0.00613749209935,0.0064867803206,0.00467588752508,0.00597324354264,0,0,0,0,0.001232488,0.00110815833333,0,0,0,0,0,0,9,0,1,1,0.3,0.79,0
"10","E000120",30,18,6,7,8,"A00059",2,0.00756791388889,0.00604660596166,0.00678409112152,0.00606513954699,0.00677868556231,0.00522996659856,0.0055678198114,0,0,0.003437994,0.00113518666667,0,0,0.00140546833333,0,0,0,9,0,1,1,0.3,0.72,1
"11","E000122",61,49,11,13,8,"A0003",2,0.00849569571429,0.00470291578677,0.00774359423667,0.00642191246152,0.00700572272763,0.00674625150859,0.00671381754801,0.0085544413887,0.00862201210111,0.00707059,0.00727060166667,0.00537862333333,0.00805442166667,0.00810847333333,0.00334069,0.00862200833333,0.00854864,56,0.02,11,3.27,1.87,0.77,1
"12","E000123",64,49,13,21,12,"A0004",2,0.00845929142857,0.00405423777799,0.00729762786068,0.00661651594564,0.0081490179291,0.00673003459815,0.00642191255465,0.0074922314845,0.00834014612649,0.007654402,0.00740574333333,0.00613541333333,0.00816253166667,0.00827064333333,0.003470426,0.00802739166667,0.00829380714286,65,0.02,11,3.27,2.17,0.76,0
"13","E000125",27,14,7,14,10,"A00058",4,0.00769146928571,0.005870536156,0.00794630590826,0.00393261061981,0.00506779723219,0.00483265132643,0.00368935635197,0.00470291567035,0,0.001297356,0,0.00148655333333,0,0,0,0,0,12,0,0,0,0.4,0.62,1
"14","E000126",36,25,6,10,5,"A0003",2,0.0081409096,0.00732079494212,0.00886526657268,0.00781116456104,0.00497319820958,0.00402720939989,0.00347042740323,0,0,0.007070592,0.00167575333333,0.00154061166667,0,0,0,0,0,13,0,2,1.33,0.43,0.73,0
"15","E000127",57,37,8,37,18,"A00033",3,0.00820051675676,0.00710302451625,0.00492995306849,0.00635704472661,0.00602343891348,0.00410057176902,0.00287271700134,0.00871661101701,0.00824569570474,0.001297356,0.00256768333333,0.00435155166667,0.00475697166667,0.00548673333333,0.0020109,0.00724357,0.00741346142857,49,0.01,5,1.98,1.63,0.71,1
"16","E000129",60,55,9,5,2,"A0005",1,0.00883086545455,0.00817334325984,0.00600027176552,0.00759879971987,0.00783047053431,0.00852548277804,0.00973017048091,0.00707464490552,0.00863552629016,0.00723276,0.00802739,0.00721654,0.00824361666667,0.00905446666667,0.003632588,0.009135545,0.00831697857143,47,0.01,11,3.18,1.57,0.78,1
"17","E000131",78,65,8,31,8,"A00022",2,0.00797624461538,0.00723276006368,0.00489751910791,0.00778413657099,0.00565276571017,0.00654083697332,0.007013831113,0.00591918717449,0.0086760687797,0.007038158,0.00775710833333,0.007108435,0.00694626166667,0.00773008,0.003437994,0.00824361666667,0.00699645571429,60,0.02,11,3.97,2,0.8,0
"18","E000132",39,31,6,7,1,"A0004",1,0.00849559290323,0.00834014612649,0.00937880335065,0.00737871268454,0.00597324354264,0.00725129379758,0.00479558396286,0,0,0.006357044,0.00535159333333,0.00540565,0,0.00216226,0,0,0,12,0,2,1.33,0.4,0.72,0
"19","E000133",41,20,8,16,14,"A00063",4,0.00760575,0.0060929399915,0.00681111915037,0.00515699028037,0.0050921224989,0.00425694952719,0.00629217689857,0.00256227822974,0.00393261059071,0.00042164,0.00202711833333,0.00189197833333,0,0,0,0,0,9,0,1,1,0.3,0.69,0
"20","E000134",60,53,10,7,2,"A00076",2,0.0087357345283,0.00681111930559,0.0056110650301,0.00832470133901,0.00662578269839,0.00771463516035,0.00824361667037,0.0083864803559,0.00824747793376,0.007394932,0.00813550166667,0.00581107333333,0.00891932,0.00854091833333,0.0057408,0.00851389333333,0.00831698714286,44,0.01,10,3.32,1.47,0.74,1
"21","E000135",65,53,12,18,9,"A00063",2,0.00818497169811,0.00771926855668,0.0071084300677,0.00671381764114,0.00641727913171,0.00791387204081,0.0072705996378,0.00829767311613,0.00707464484731,0.00697329,0.007676025,0.006270555,0.00781116666667,0.008216585,0.003437994,0.00797333666667,0.00776096714286,55,0.02,10,3.03,1.83,0.74,0
"22","E000136",69,47,13,40,17,"A00022",3,0.0079256012766,0.00794630590826,0.00527050899109,0.00389206809923,0.00402720955511,0.00755709912628,0.00610838481225,0.00707059046254,0.00654083684397,0.006616516,0.00694626166667,0.00521645166667,0.00659489333333,0.00797333166667,0.003405564,0.00856795166667,0.00732079285714,71,0.02,10,3.03,2.37,0.76,0
"23","E000137",82,56,12,30,14,"A0003",3,0.00804476714286,0.00736712903849,0.00697328875374,0.0069732889533,0.00578404574965,0.00660261565021,0.00732079507517,0.00613927415439,0.00556781974673,0.007557098,0.00729762833333,0.004702915,0.00691923166667,0.008162525,0.005481338,0.00778413666667,0.00525892428571,59,0.02,9,3.23,1.97,0.67,0
"24","E000139",71,64,7,8,1,"A0009",1,0.00844548125,0.00740989909854,0.00898419078439,0.00562187633477,0.00757563260517,0.00750613146062,0.00962205743417,0.011189696379,0,0.007621968,0.00824361333333,0.00543267833333,0.00818956,0.00818955666667,0.003535296,0.00881120833333,0.00789996571429,51,0.01,11,3.35,1.7,0.76,0
"25","E00014",75,65,11,9,6,"A00057",1,0.00863240723077,0.00792313886008,0.00794630590826,0.0068111193832,0.00605432836649,0.00840578616286,0.00873398641124,0.00827064481564,0.00818055066177,0.007654404,0.00851389666667,0.00662192166667,0.00867606833333,0.00862200333333,0.003697468,0.00859498166667,0.00722812571429,49,0.01,9,2.86,1.63,0.83,0
"26","E000140",30,14,5,12,9,"A00059",3,0.00774938857143,0.00639411208353,0.00428590845383,0.0047353496775,0.00781657043844,0.00343258791448,0,0,0,0.001524394,0.000270283333333,0.000270283333333,0,0,0,0,0,11,0,2,1.33,0.37,0.73,1
"27","E000141",75,55,12,33,14,"A00064",2,0.00798758418182,0.00771463516035,0.00737871252932,0.00545970672586,0.00416235074711,0.00745979743078,0.00629758245001,0.00637866727387,0.00743663031608,0.00729763,0.007811165,0.00673003333333,0.00694626166667,0.00832469166667,0.003048788,0.00762196666667,0.00562959857143,53,0.01,9,2.89,1.77,0.79,0
"28","E000142",28,14,6,14,8,"A00080",3,0.00793472,0.00516625713291,0.00564349885099,0.00624352600425,0.00635163905099,0.00194603406514,0.00264876863609,0,0,0.001394658,0,0,0,0,0,0,0,4,0,0,0,0.13,0.5,0
"29","E000147",53,31,10,23,18,"A00061",3,0.00734471064516,0.00410057175239,0.00543267850298,0.00518942414783,0.00629217680544,0.00581107405014,0.00516239598316,0.00343799348921,0.00655164816417,0.007362498,0.005054285,0.00351367166667,0.00221631666667,0.0024866,0,0,0,28,0.01,4,1.76,0.93,0.73,0
"30","E000153",75,59,4,17,10,"A0003",1,0.00818269033898,0.00710242382182,0.00511992297002,0.00639411208353,0.00908149233354,0,0,0,0,0.006292176,0.00705437666667,0.00662192166667,0.00702734666667,0.00805441666667,0.003275824,0.00845984166667,0.00783046857143,51,0.01,9,2.92,1.7,0.78,0
"31","E000157",39,25,8,8,11,"A00059",3,0.0079138708,0.00641727906519,0.00460561402142,0.00548132932745,0.00701383105479,0.00773007981479,0.00606513945386,0.00587053606287,0.00729762781411,0.004702918,0.005027255,0.00275688,0,0,0,0,0,14,0,2,1.2,0.47,0.77,0
"32","E000159",33,16,7,18,14,"A00061",3,0.007540881875,0.00827064493205,0.00563539040741,0.00194603411946,0.00411910552066,0.00483265132643,0.00651921425015,0.00567593281157,0,0.005675932,0.00108113,0.00475697166667,0.00221631666667,0.00127032833333,0,0,0,19,0.01,2,1.25,0.63,0.79,1
"33","E00016",68,49,13,25,16,"A0004",2,0.0082574055102,0.00486508524045,0.007338170195,0.00673003448173,0.00518942428753,0.00632461082811,0.0047840004554,0.00754088209942,0.00775170251727,0.007135458,0.00732465833333,0.00591918833333,0.00808144833333,0.00862200333333,0.003308258,0.00821659,0.00778413714286,67,0.02,11,3.27,2.23,0.76,0
"34","E000163",24,23,4,0,0,"",0,0.00896162478261,0.0082011438374,0.00924366200343,0.00810847532315,0.00891932286322,0,0,0,0,0.006648948,0.00148655333333,0,0,0,0,0,0,0,0,0,0,0,0,0
"35","E000166",27,9,5,19,11,"A00058",3,0.00749583555556,0.00644044611337,0.00543267846418,0.00295959360665,0.00139465776738,0.00181629848666,0,0,0,0.000454074,0,0,0,0,0,0,0,13,0,0,0,0.43,0.73,1
"36","E000168",28,11,6,20,11,"A00079",4,0.00771041909091,0.00477241688142,0.00628406845499,0.00235145789338,0.00308122071438,0.00254065558935,0.00470291581005,0,0,0.001297356,0,0.0017298,0,0,0,0,0,6,0,0,0,0.2,0.67,0
"37","E000171",71,54,12,21,12,"A0005",2,0.00797033092593,0.00756791016708,0.0054326786194,0.00600027171895,0.00602730010481,0.00678409116032,0.00716789225116,0.00701962298314,0.0079260346829,0.007167892,0.00743277,0.00510834,0.00721654333333,0.00762195833333,0.007719274,0.00824361333333,0.00715862285714,56,0.02,8,3.18,1.87,0.76,0
"38","E000173",59,52,9,22,3,"A0005",1,0.00806169634615,0.00789224946251,0.00622730911709,0.00729762786068,0.00769146811217,0.00727059971541,0.00755246562351,0.00677057699068,0.00745979736426,0.007038158,0.00800036166667,0.00524347833333,0.00724357,0.008189565,0.005059688,0.00808145,0.00711229142857,49,0.01,10,3.14,1.63,0.75,1
"39","E000174",29,19,7,8,6,"A00059",3,0.00829624736842,0.0076219669011,0.00710843014531,0.00713545829058,0.00555430568056,0.00421640713466,0.00513536754685,0.00443263305351,0,0.004735348,0.00108113,0,0,0,0,0,0,7,0,1,1,0.23,0.57,0
"40","E000175",57,52,9,6,0,"",0,0.00891932,0.00805441879978,0.00786522108441,0.00924366209656,0.00660261558369,0.00882665467049,0.00921663378055,0.00706595714603,0.00836331330772,0.007719274,0.00773008166667,0.00600026166667,0.00845984166667,0.00859499,0.00415152,0.00897337,0.00854864428571,40,0.01,10,3.2,1.33,0.75,1
"41","E000176",24,22,1,4,0,"",0,0.00768093909091,0.00717600077041,0,0,0,0,0,0,0,0.004475878,0.002405515,0.00127032833333,0.001162215,0.00121627166667,0.001783864,0.002567685,0.00118152,5,0,1,1,0.17,0.8,1
"42","E000177",57,28,14,35,24,"A0007",4,0.00747717428571,0.00755709912628,0.00613000737503,0.00514888192993,0.0044866897321,0.00723275998607,0.00540565028011,0.00376233253628,0.00216226015861,0.006940856,0.00710843166667,0.004892115,0.004729945,0.00370287,0,0,0,49,0.01,4,1.86,1.63,0.71,0
"43","E000179",47,28,8,18,15,"A00064",3,0.00747717142857,0.00588443649134,0.00528672607616,0.00632461085916,0.00463804793544,0.00462183100171,0.00562959869525,0.00671381773427,0.00597710468407,0.00531916,0.00483805833333,0.00440559666667,0,0.0012433,0,0,0,13,0,2,1.33,0.43,0.78,0
"44","E000181",71,56,11,35,11,"A00063",2,0.00784494910714,0.00797873977572,0.00681111946081,0.00656786506685,0.00685745351283,0.00729762793829,0.00602343898,0.00783819278392,0.00713545829058,0.007557102,0.00697328833333,0.00489211333333,0.00689220333333,0.00754088333333,0.00356773,0.00802739166667,0.00676478428571,58,0.02,11,3.23,1.93,0.78,1
"45","E000188",36,26,6,9,8,"A00057",2,0.00820827115385,0.00702193980105,0.00835172971711,0.00677057693247,0.00606977291006,0.00567593285814,0.00810847533867,0,0,0.00483265,0.00502725,0.0012433,0,0,0.001783864,0,0,9,0,1,1,0.3,0.77,0
"46","E000189",76,50,14,27,20,"A00063",3,0.0081117204,0.008054418955,0.00381098350044,0.00619487520307,0.00267579689777,0.0057299893427,0.00525429202244,0.00656786514446,0.00673003455934,0.007524668,0.00789224833333,0.00494617,0.00743277,0.00670300666667,0.003729902,0.00829767166667,0.00718179285714,56,0.02,8,2.8,1.87,0.77,0
"47","E00019",41,21,4,21,12,"A00063",4,0.00737485238095,0.00563119634874,0.0033731257543,0.00616244133562,0.00145952554885,0,0,0,0,0.002464976,0.00110815833333,0.00164872333333,0,0,0,0,0,13,0,2,1.25,0.43,0.63,0
"48","E000192",49,45,8,8,1,"A00052",1,0.00939141755556,0.00845984260862,0.00887298876686,0.00917416065931,0.00912782649643,0.00774359412026,0.00806214141526,0.008351729688,0.0104869616528,0.002854184,0.008730125,0.00756790833333,0.00829767333333,0.00981125666667,0.00398936,0.00851390166667,0.00861814428571,41,0.01,10,2.92,1.37,0.77,1
"49","E000193",38,34,6,16,0,"",0,0.00854252,0.00707059046254,0.00683428646464,0.00757563287126,0.00654759374447,0.00856795550014,0.0100869433954,0,0,0.001362224,0.00264876833333,0,0.00732465666667,0.00808144666667,0.005578634,0.00843281333333,0.00729763428571,27,0.01,5,2,0.9,0.76,1
"50","E000194",40,34,6,5,5,"A00058",1,0.00829926205882,0.00755246562351,0.00783819278392,0.00572226702103,0.00670300625886,0.00718179251999,0.00878032050761,0,0,0.007849004,0.00894635166667,0.005892155,0,0.00291905,0,0,0,15,0,2,1.31,0.5,0.73,0
"51","E000195",37,32,6,5,4,"A00058",1,0.0087723559375,0.00706595727908,0.0072435712597,0.00708140192243,0.00705437362194,0.00935177505016,0.00962205743417,0,0,0.008335514,0.00991936,0.00494616666667,0,0.00170278333333,0,0,0,14,0,2,1.27,0.47,0.81,0
"52","E000198",23,15,4,6,1,"A00059",1,0.00794630466667,0.00671845109069,0.00669528390946,0.00778413645457,0.00178386457264,0,0,0,0,0.00116762,0.000594621666667,0,0,0,0,0,0,2,0,0,0,0.07,0,0
"53","E000199",72,47,14,29,21,"A00059",3,0.00773928170213,0.00641727899866,0.00570296113923,0.0050921224989,0.0064867803206,0.00429749193912,0.00411910549738,0.00697328872047,0.00697328877868,0.007265192,0.00748682666667,0.00540565,0.00718951666667,0.00567593333333,0.003502862,0.00667597666667,0,53,0.01,6,2.39,1.77,0.8,0
"54","E00020",64,33,14,32,28,"A00063",3,0.00749419545455,0.00756791047752,0.00721654319204,0.00544889559969,0.00518942428753,0.00470291578677,0.00344610202592,0.00632461090572,0.0050921224989,0.007038158,0.00624352666667,0.00435154833333,0.00610838666667,0.00527050833333,0,0.00245957166667,0,52,0.01,4,1.98,1.73,0.76,0
"55","E000200",57,29,10,19,24,"A00065",4,0.00751012482759,0.00590760340648,0.00642191255465,0.00265957992524,0.00518942428753,0.00470291574796,0.00572998922629,0.00472994389323,0.00659489344495,0.004281276,0.00648678,0.00413531333333,0,0.001162215,0,0,0,19,0.01,2,1.29,0.63,0.82,0
"56","E000203",31,28,5,9,0,"",0,0.00902936428571,0.00770305166952,0.00843281446335,0.00675030588172,0.0082909159828,0.0102166790515,0,0,0,0.001394658,0,0.00159466666667,0.00543267833333,0.00456776666667,0.004119106,0.007865215,0.00778413285714,16,0,4,1.52,0.53,0.73,1
"57","E000205",60,49,11,10,7,"A0005",3,0.00910465816327,0.00827064516488,0.00700572282076,0.00716248651346,0.00713545829058,0.00791927766598,0.00770305159191,0.00664894990623,0.0100869432092,0.004443446,0.00802739166667,0.00618946666667,0.008730125,0.00910851,0.003535294,0.00902743333333,0.00840964857143,53,0.01,11,3.25,1.77,0.78,1
"58","E000206",75,58,12,18,13,"A00059",2,0.00802459534483,0.00641727899866,0.00627055422713,0.00577323441394,0.00525429202244,0.0053515937645,0.00775170251727,0.00762196684567,0.00650705158478,0.007167894,0.00762196833333,0.00537862166667,0.00783819166667,0.00824362,0.003632588,0.00845984333333,0.00741346714286,51,0.01,8,2.79,1.7,0.8,0
"59","E00021",70,50,14,23,18,"A00059",2,0.0077938674,0.00603270577267,0.00717600074131,0.00648678024299,0.00413532252423,0.00645434642211,0.00872471947223,0.00559484795667,0.00591918709688,0.006843554,0.00770305,0.00645975166667,0.00800036333333,0.00683814833333,0.00149196,0.00678409,0,41,0.01,6,2.25,1.37,0.79,0
"60","E000210",56,53,9,6,0,"",0,0.00895298169811,0.00827064489325,0.00778413641577,0.00888688899577,0.00845984268623,0.0091509938107,0.00970700343273,0.0083864803559,0.00787680463067,0.007524666,0.00837875666667,0.00762196333333,0.00910851833333,0.00883824333333,0.003762328,0.00932475166667,0.00810846857143,41,0.01,10,2.96,1.37,0.77,1
"61","E000213",71,51,13,27,17,"A0004",3,0.00828972333333,0.007459797586,0.00648678024299,0.00364881393034,0.00547322089551,0.00574080049992,0.00677868556231,0.00574080049992,0.00514888181351,0.007427366,0.0074598,0.006432725,0.00881120833333,0.008108475,0.003340692,0.00827064666667,0.00776096857143,64,0.02,9,2.9,2.13,0.79,0
"62","E000214",12,8,4,3,3,"A00057",1,0.008149015,0.00751385387654,0.00593540407717,0.00659489352256,0.00859498418868,0,0,0,0,0.001718996,0,0,0,0,0,0,0,5,0,1,1,0.17,0.64,1
"63","E00022",72,35,14,33,27,"A0004",4,0.00768219914286,0.0066489498131,0.0082057771273,0.00580566837452,0.00509212268516,0.0052542922087,0.00648678028956,0.0058921588546,0.00429749193912,0.00729763,0.00581107333333,0.00516239666667,0.00478400166667,0.00348664333333,0,0.001459525,0,57,0.02,4,1.94,1.9,0.79,0
"64","E000223",23,20,4,4,1,"A00059",1,0.007784136,0.00657944846898,0.00773007997001,0.00762196688447,0.00702734528265,0,0,0,0,0.003178524,0.00135141333333,0,0,0,0,0,0,2,0,0,0,0.07,0,0
"65","E000225",62,59,10,10,0,"",0,0.00855100474576,0.00752929864185,0.0077571082705,0.00859498380062,0.00918960540245,0.00823821090162,0.00821658836988,0.00794630590826,0.00886526641746,0.008757152,0.00789224833333,0.006892205,0.00718951666667,0.00902743333333,0.00324339,0.00889228833333,0.00769147,35,0.01,8,2.79,1.17,0.76,0
"66","E000226",37,31,6,17,3,"A00030",1,0.00832819064516,0.00667597811359,0.00845984284145,0.00713545834878,0.00831697914483,0.00710842999009,0.00486508524045,0,0,0.001297356,0.00275688166667,0.00156763833333,0.00716248833333,0.00310825666667,0.001556828,0.00778412833333,0.00493458571429,14,0,2,1.11,0.47,0.83,1
"67","E000227",53,27,10,24,20,"A00079",3,0.00734567962963,0.00532842673627,0.00539213616867,0.00454074623995,0.00736249573529,0.00735168438405,0.00540565031891,0.00382720036432,0.00502725476399,0.006843554,0.00359475666667,0.00297310833333,0,0.00202711833333,0,0,0,28,0.01,2,1.2,0.93,0.89,0
"68","E000228",44,27,6,20,14,"A00076",4,0.00726159222222,0.00574800811915,0.00454074633308,0.00394612469245,0.00650705158478,0.00590760360605,0.00522996671498,0,0,0.00415154,0.00324339,0.00232443,0,0.00113518666667,0,0,0,16,0,2,1.2,0.53,0.77,0
"69","E000230",34,14,7,20,13,"A00059",3,0.008421235,0.00551376318825,0.00551376314834,0.00457318015397,0.0038920682855,0.00267579682986,0.00421640723168,0.00270282519826,0,0.001297356,0,0,0,0,0,0,0,14,0,0,0,0.47,0.73,0
"70","E000232",29,21,4,9,5,"A00063",2,0.00784591285714,0.00626564004712,0.00500022641306,0.00618946948089,0.00762196676806,0,0,0,0,0.00298392,0.00151358166667,0.001621695,0,0,0,0,0,6,0,0,0,0.2,0.67,0
"71","E000237",25,22,4,1,2,"A00063",1,0.00827064318182,0.00748296447897,0.00775710803767,0.00675706293744,0.00886526626224,0,0,0,0,0.005319158,0.00154061,0,0,0,0,0,0,1,0,1,1,0.03,-0.5,0
"72","E000238",25,23,4,0,0,"",0,0.00841871,0.0074134632679,0.00810847547837,0.00870309708019,0.00681111922798,0,0,0,0,0.006000274,0.00129735666667,0,0,0,0,0,0,0,0,0,0,0,0,0
"73","E000239",51,37,8,12,12,"A0002",3,0.00781919945946,0.00678291598983,0.00755709903315,0.00537862197962,0.00551376340445,0.00283796642907,0.00643272371963,0.00789224946251,0.00768683468923,0.007103024,0.00756791166667,0.00637866,0,0.002405515,0,0,0,24,0.01,2,1.33,0.8,0.6,0
"74","E000240",67,36,8,34,24,"A0003",3,0.007351685,0.00616750917106,0.00466237345245,0.00512455655262,0.00428127511404,0.00389206826221,0.00538402758539,0.00472994393203,0.00476778356824,0.00655165,0.00732465666667,0.00375692666667,0.00635163833333,0.00183792166667,0,0.00172981,0,49,0.01,4,1.83,1.63,0.73,0
"75","E000242",23,14,2,8,3,"A0001",1,0.00763355071429,0.0063436895965,0.00300013582455,0,0,0,0,0,0,0,0,0,0,0,0,0,0,6,0,0,0,0.2,0.67,0
"76","E000244",24,18,4,2,3,"A00056",1,0.00835173166667,0.00725129366453,0.00610838481225,0.00791927768538,0.00616244152188,0,0,0,0,0,0.00143249666667,0,0,0,0,0,0,6,0,0,0,0.2,0.67,0
"77","E000246",51,43,8,11,7,"A0004",2,0.00768230767442,0.00632461087246,0.00629217680544,0.00624352615948,0.00661651585251,0.00762196676806,0.00666922095115,0.0071084300677,0.00762196700089,0.007362498,0.00745979833333,0.00556781666667,0.00713546,0.00518942333333,0,0.002702825,0,24,0.01,4,1.93,0.8,0.75,0
"78","E000248",72,63,13,13,2,"A00064",1,0.00866191047619,0.00708912419421,0.00700572263449,0.00681111930559,0.00491914176382,0.0085138992096,0.00840964740408,0.00794630583065,0.00910465951477,0.00781657,0.00762196833333,0.00600027,0.00821658833333,0.00862200333333,0.003892064,0.008676065,0.00757563571429,48,0.01,8,2.67,1.6,0.8,0
"79","E000249",19,8,4,15,6,"A00064",3,0.00701383125,0.0066489498131,0.0063894786872,0.00340555963339,0.00385152574745,0,0,0,0,0.003275826,0.00091896,0.000756791666667,0,0,0,0,0,8,0,2,1.33,0.27,0.62,1
"80","E000250",19,11,4,10,4,"A0009",1,0.00778413818182,0.00773007981479,0.00729762790725,0.00464885918579,0.00574080059305,0,0,0,0,0.004735352,0.0035407,0.00416235,0,0.000756791666667,0,0,0,6,0,2,1.33,0.2,0.67,1
"81","E000252",27,16,6,10,7,"A00080",2,0.00778413625,0.00553693030296,0.00531105138361,0.00648678047583,0.00609757360071,0.00664894965788,0.00713545829058,0,0,0.001621696,0,0,0,0,0,0,0,4,0,0,0,0.13,0.5,0
"82","E000258",70,64,12,3,1,"A00059",1,0.00938049015625,0.00834014625954,0.00783819301675,0.00914636040106,0.00833551269025,0.0078073034196,0.00942899845541,0.00948691616456,0.00910852057859,0.008497682,0.00902743333333,0.00618946166667,0.00924366,0.00918960333333,0.003794766,0.00964908166667,0.00827063428571,46,0.01,11,3.46,1.53,0.81,0
"83","E000259",65,42,11,41,17,"A00010",2,0.0078266097619,0.0042569496145,0.0021622601198,0.00135141259913,0.00684355329722,0.00726519385353,0.00578404573025,0.00739029611993,0.00576860105087,0.002886618,0.00500022833333,0.00600027166667,0.00713545833333,0.00767602333333,0.005221854,0.00775710833333,0.00776097428571,64,0.02,10,3.2,2.13,0.72,0
"84","E000260",40,23,8,21,14,"A00080",2,0.00744569695652,0.00491141940334,0.00541646154597,0.00624352612067,0.00612189888489,0.00745979743078,0.00486508533359,0.00418937889238,0.00535159383435,0.004508312,0.00143249666667,0.00243254333333,0,0,0,0,0,12,0,2,1.33,0.4,0.83,0
"85","E000264",38,23,8,11,11,"A00080",2,0.00807322,0.0055137633213,0.00648678012658,0.00632461085916,0.00389206822729,0.00789224930728,0.00535159381106,0.0069084210787,0.00645434642211,0.005448896,0.0012433,0.002837965,0,0,0,0,0,8,0,2,1.33,0.27,0.75,0
"86","E000265",63,46,10,16,14,"A0004",4,0.0076677976087,0.00669528397598,0.00700031717618,0.00664894989071,0.00551376332684,0.00553693036948,0.0061300075613,0.0066489498131,0.00736712910501,0.007524666,0.007324655,0.00610838666667,0.008243615,0.00740574166667,0,0.00648678,0,38,0.01,4,2.05,1.27,0.78,0
"87","E000267",47,42,7,9,0,"",0,0.009247525,0.00832470133901,0.00880348742274,0.00968383638454,0.00677057687426,0.00731789902784,0.00808530846345,0.00993288261816,0,0.00298392,0.00900040333333,0.00559484833333,0.00910851833333,0.00967611166667,0.003989374,0.00843281666667,0.00792314142857,40,0.01,10,2.92,1.33,0.75,1
"88","E000269",58,47,10,20,5,"A0004",1,0.00847421787234,0.00840038051829,0.00579176814894,0.00725708540995,0.00794630598587,0.00824361659276,0.00752061093226,0.00491141933682,0.00700031702096,0.002756882,0.00794630666667,0.00545970333333,0.00808145,0.00816253,0.00613,0.00845984166667,0.00741346285714,55,0.02,10,3.27,1.83,0.72,1
"89","E00027",33,23,6,8,6,"A0002",2,0.0077136273913,0.00699645593496,0.00686517582896,0.00681111930559,0.00483805690116,0.00616244124249,0.00329744656725,0,0,0.005481332,0.00127032833333,0.00091896,0,0,0,0,0,10,0,1,1,0.33,0.74,0
"90","E000270",29,11,6,18,13,"A00063",3,0.00720917272727,0.00590297011659,0.00467048184946,0.00230280701071,0.00470291571692,0.00645434651524,0.00527050899109,0,0,0.0038272,0.000324338333333,0.000945988333333,0,0,0,0,0,7,0,2,1.25,0.23,0.49,1
"91","E000271",65,48,12,14,15,"A00079",2,0.007932790625,0.00544426217675,0.00515699032694,0.00740574082981,0.00687598707154,0.00782467867248,0.00625974293798,0.0068111193832,0.00594621516454,0.007427366,0.008081445,0.005027255,0.00894634833333,0.00635163833333,0.001686562,0.00691923,0.00120468714286,36,0.01,4,1.96,1.2,0.78,0
"92","E000274",68,47,14,24,20,"A00059",3,0.00771167723404,0.00470291574796,0.0073300617747,0.00512455655262,0.00637866727387,0.00531105144182,0.00506779714487,0.00531915989704,0.0051894241944,0.007005724,0.00797333166667,0.00510834333333,0.00716248833333,0.00797333166667,0,0.006108385,0.00509675714286,52,0.01,4,1.94,1.73,0.83,0
"93","E000276",77,65,13,12,6,"A00059",1,0.00856255107692,0.00708912432726,0.00710302446969,0.00853011598811,0.00596783789806,0.00802739065451,0.00704279009785,0.00553693036948,0.00886526649507,0.007362498,0.00829767166667,0.00705437333333,0.00762196666667,0.00848687166667,0.00324339,0.00954097333333,0.00771463571429,55,0.02,11,3.58,1.83,0.78,0
"94","E000278",62,47,12,29,10,"A00024",2,0.00826374404255,0.00732465608356,0.00791927776299,0.00664894989071,0.0075679103223,0.00525892549194,0.00827064497086,0.00840578616286,0.00447587845847,0.007589536,0.00783819333333,0.00518942833333,0.007703055,0.00862201,0.00366503,0.00751385666667,0.00722811714286,64,0.02,10,3.08,2.13,0.77,0
"95","E000284",38,34,6,4,3,"A00065",1,0.00915780647059,0.00785363758249,0.00902743590996,0.00648678039821,0.00716789197177,0.00813164242676,0.0100776764697,0,0,0.008530114,0.0100544983333,0.00645974666667,0,0.003432595,0,0,0,13,0,2,1.31,0.43,0.66,0
"96","E000285",53,31,10,19,18,"A0002",3,0.00739179096774,0.00549059620659,0.0073300617747,0.00658408189192,0.00531915985048,0.00733006168157,0.00527050889408,0.00405423762277,0.0052434806712,0.006940856,0.00527051166667,0.00324339,0,0.00145952666667,0,0,0,33,0.01,2,1.27,1.1,0.79,0
"97","E000290",37,23,7,13,12,"A00064",3,0.00814372782609,0.00745979756383,0.00837875778476,0.00546742915841,0.0043245201814,0.00416235078592,0.00494617014192,0.00591918698046,0,0.004054238,0.00108113,0.00281093833333,0,0,0,0,0,6,0,1,1,0.2,0.61,0
"98","E000291",66,59,10,16,4,"A00065",1,0.00800952440678,0.00655628162037,0.00740574106264,0.00764899506855,0.00748682565366,0.00804360760376,0.00799264000463,0.00664894989071,0.00845984253101,0.007589532,0.00713546,0.00670300666667,0.007811165,0.00808144833333,0.00314609,0.00848686666667,0.00736712857143,41,0.01,8,2.79,1.37,0.77,0
"99","E000294",40,22,4,18,15,"A00057",3,0.007172315,0.00516827174705,0.00459480277884,0.004832651373,0.00548673510396,0,0,0,0,0.00356773,0.00118924333333,0.000648678333333,0,0,0,0,0,11,0,2,1.33,0.37,0.73,0
"100","E000296",60,54,9,9,2,"A0002",1,0.0085799662963,0.00745979743078,0.00583810228854,0.00740574090742,0.00757563273822,0.00725129359801,0.00824747780072,0.00818956020521,0.00908149231691,0.00739493,0.007784135,0.00505428333333,0.00889229333333,0.00832469666667,0.005708364,0.00867605833333,0.00847915142857,48,0.01,11,3.85,1.6,0.73,1
"101","E000297",24,23,4,0,0,"",0,0.00870779521739,0.00820114370435,0.00856795565536,0.00783819301675,0.00888688890263,0,0,0,0,0.006097576,0.0018109,0,0,0,0,0,0,0,0,0,0,0,0,0
"102","E0003",34,11,8,23,21,"A00059",4,0.00754825454545,0.00554619715549,0.0040542377159,0.00158115269733,0.00482454290614,0.00800036235402,0.0038920681458,0.00202711881138,0.00563539040741,0.002270372,0.001162215,0,0,0,0,0,0,17,0,1,1,0.57,0.8,0
"103","E000300",30,22,6,21,6,"A00019",2,0.00821904272727,0.0045812886674,0.00651921425015,0.00791927776299,0.00814901763806,0.00713545821297,0.00794630590826,0,0,0.00132979,0.00140546833333,0,0.00467588666667,0.004081265,0.001686562,0.00545970833333,0.00366039714286,21,0.01,4,1.65,0.7,0.52,1
"104","E000302",51,45,7,16,2,"A00024",2,0.00871751266667,0.00737871260693,0.00820114377088,0.00688062049448,0.00901199118899,0.00682913821139,0.00752929850881,0.00835172971711,0,0.00431371,0.00743276833333,0.005324565,0.00778414,0.00883823833333,0.005838102,0.008432815,0.00827063428571,46,0.01,9,3.21,1.53,0.76,1
"105","E000304",52,26,10,23,23,"A0005",5,0.00812095269231,0.00697328875374,0.00791927753016,0.00502725469414,0.0038920682855,0.00272985338233,0.00606513964012,0.00188116631471,0.00437857673969,0.007978744,0.00400018166667,0.00310825166667,0,0,0,0,0,27,0.01,2,1.33,0.9,0.66,0
"106","E000305",31,21,6,10,7,"A00059",2,0.00795402619048,0.00734396199031,0.00789224946251,0.00689220393542,0.00544889541343,0.00632461076602,0.00514888181351,0,0,0.004216408,0.00118924333333,0.001324385,0,0,0,0,0,12,0,1,1,0.4,0.79,0
"107","E000309",36,19,9,19,13,"A0004",4,0.00714399368421,0.00502725484936,0.00648678047583,0.00661651585251,0.00603270577267,0.0044434444746,0.00600027173225,0.00372989871539,0.00460561406799,0.005351594,0.00408126833333,0.003324475,0.004567775,0.00113518666667,0.0020109,0,0,28,0.01,3,1.59,0.93,0.69,1
"108","E000310",13,1,4,13,6,"A00064",2,0.00973017,0.00529753727218,0.00332447490655,0.00198657650617,0.00162169511896,0,0,0,0,0.001427094,0.000270283333333,0,0,0,0,0,0,6,0,1,1,0.2,0.61,1
"109","E000311",33,17,6,13,10,"A00075",1,0.00810847411765,0.00572226688798,0.00784900411963,0.00570836663246,0.00853011617437,0.00418937896999,0.00256227822974,0,0,0.001427092,0.000810848333333,0,0,0,0,0,0,7,0,1,1,0.23,0.65,0
"110","E000312",50,42,8,7,6,"A00065",1,0.00801194642857,0.00727446071271,0.00835172979472,0.00662192159022,0.00632461080594,0.00609757341444,0.00737871260693,0.00802739053809,0.00785363764901,0.007427366,0.00767602333333,0.006135415,0.00510834166667,0.00629758166667,0,0.00275688166667,0,23,0.01,4,2,0.77,0.57,0
"111","E000315",90,64,14,36,20,"A00020",3,0.0079336365625,0.0071122912424,0.00645975217534,0.00640569569077,0.00723275998607,0.00605924258178,0.00627055430474,0.00543267846418,0.00629217689857,0.00723276,0.00710843166667,0.00651380833333,0.00737871333333,0.00751385333333,0.004605614,0.00883823833333,0.00718179142857,72,0.02,11,3.58,2.4,0.73,0
"112","E000319",51,38,8,22,9,"A000104",1,0.00839440578947,0.00802739069331,0.00629217680544,0.00632461082811,0.00645975194251,0.00641727906519,0.00713545842362,0.00755246562351,0.00740574082981,0.001427092,0.00362178666667,0.00148655333333,0.00773008333333,0.00689220333333,0.001524394,0.00756791166667,0.00776096428571,36,0.01,5,1.91,1.2,0.78,1
"113","E00032",45,20,11,20,20,"A00058",5,0.0073949295,0.00713545860102,0.00291905109771,0.00162169511896,0.00583810219541,0.00565276564365,0.00537862205723,0.00628406839678,0.00408667167649,0.004508312,0.00516239666667,0.00516239666667,0.00259471333333,0,0,0,0,32,0.01,2,1.31,1.07,0.82,0
"114","E000321",49,44,10,13,1,"A00052",1,0.00869081136364,0.00654083692158,0.00766250945162,0.00908149251093,0.00807604147121,0.00873012514785,0.00875715344834,0.00653311443914,0.00792313872703,0.005448896,0.00654083833333,0.00670300333333,0.008703095,0.00870309333333,0.003665034,0.00840578333333,0.00827064714286,43,0.01,10,3.17,1.43,0.7,0
"115","E000322",62,37,14,26,22,"A00059",4,0.00756498972973,0.00637866727387,0.00600027184313,0.00433803442866,0.00506779714487,0.00575701746857,0.00790576369036,0.00567593285814,0.00802739069331,0.006681382,0.00759494,0.00510833833333,0.00243254333333,0.00354070166667,0,0.00227037333333,0,33,0.01,3,1.41,1.1,0.87,0
"116","E000323",28,15,6,10,9,"A00058",3,0.007665212,0.00546742909189,0.00548673490994,0.00462183100171,0.00529753719456,0.00654083676636,0.00677868546918,0,0,0.001427092,0,0,0,0,0,0,0,10,0,0,0,0.33,0.64,0
"117","E000324",71,35,14,37,32,"A00063",4,0.00794167228571,0.00692695459085,0.00557863102295,0.00480021741241,0.00762196676806,0.00629758260523,0.00237848611626,0.00544889545999,0.00415153950453,0.007265192,0.007676025,0.00586512333333,0.00243254333333,0.000810848333333,0,0.00218928833333,0,49,0.01,4,1.71,1.63,0.81,0
"118","E000326",33,31,5,15,0,"",0,0.00844327645161,0.00823821099475,0.00810847524554,0.00699356012046,0.00754088209942,0.00927069022631,0,0,0,0.001297356,0,0.0012433,0.00464886,0.00445965833333,0.003665028,0.00845984166667,0.00600027428571,13,0,5,2.03,0.43,0.61,1
"119","E000327",60,54,9,1,2,"A00059",1,0.00906047240741,0.00770305166952,0.00710302442312,0.00875715329312,0.00829381203013,0.00806793285301,0.00903515837022,0.0073336655688,0.00882665467049,0.007751702,0.00835173,0.00586512833333,0.00940582666667,0.00924366666667,0.005838104,0.00900041,0.00838648714286,48,0.01,11,3.85,1.6,0.75,1
"120","E000328",37,21,8,15,9,"A0004",2,0.00851003571429,0.00778413657099,0.00725708564278,0.00606513968669,0.0082706448622,0.00697328876704,0.00454074623995,0.00616244129681,0.00502725484936,0.002854184,0.00816253,0.006324605,0.00740574166667,0.007216535,0.00217308,0.00300013666667,0,37,0.01,6,2.21,1.23,0.76,1
"121","E000329",41,22,8,17,13,"A00059",3,0.00774728227273,0.00551376328804,0.00671381754801,0.00577323455364,0.00463804793544,0.0070705906488,0.0052705090493,0.00437857666984,0.00441101070028,0.004605616,0,0.002540655,0,0.000405423333333,0,0,0,8,0,1,1,0.27,0.59,0
"122","E000330",41,18,8,22,16,"A00062",3,0.00731564833333,0.00544426217675,0.00762196695432,0.00606513954699,0.00405423762277,0.00366503088735,0.00232442968991,0.00295148510486,0.00450020382414,0.001070318,0,0.00151358166667,0,0,0,0,0,10,0,1,1,0.33,0.74,0
"123","E000331",49,21,11,20,23,"A00079",4,0.00748296142857,0.00484191819227,0.00480021745898,0.00610838488986,0.00344610208413,0.00622730902396,0.00575701752678,0.00700572272763,0.00632461078931,0.004183972,0.001162215,0.002081175,0,0,0,0,0,15,0,2,1.33,0.5,0.83,0
"124","E000332",71,51,12,21,16,"A00057",2,0.0081784327451,0.00655628162037,0.00740574098503,0.00687598716468,0.00613000746816,0.0049948208034,0.00572998922629,0.00778413657099,0.00766830106399,0.007459796,0.00694626166667,0.00581106666667,0.00818956333333,0.007703055,0.001621696,0.00697329,0.00236304142857,47,0.01,5,2.07,1.57,0.81,0
"125","E000333",61,26,14,36,29,"A00059",4,0.00775294846154,0.00448668980971,0.00544889550656,0.00445966154803,0.00583810228854,0.00608135655057,0.00458128855098,0.00559484801488,0.00783819301675,0.00771927,0.00554079333333,0.0033515,0.00213523166667,0.002405515,0,0.00045948,0,54,0.02,4,1.81,1.8,0.79,0
"126","E000337",25,15,3,10,6,"A00059",3,0.00761115533333,0,0.00635704476153,0.00360827159602,0,0,0,0,0,0.001297356,0,0,0,0,0,0,0,9,0,1,1,0.3,0.69,1
"127","E000339",66,38,12,35,27,"A0003",5,0.00747686815789,0.00745979743078,0.00645434660837,0.00594621531976,0.00713545838371,0.00583810227302,0.00630144379102,0.00559484807309,0.00525429202244,0.0075571,0.00702734666667,0.00483805666667,0.00786522166667,0.00756791166667,0.003113654,0.00567593333333,0,59,0.02,6,2.23,1.97,0.7,0
"128","E00034",59,47,10,36,9,"A00015",2,0.00792905212766,0.00762196688447,0.00625974307768,0.00690842112526,0.00681111933663,0.00638947859406,0.00578404574965,0.00754088221584,0.00667597811359,0.004216408,0.00556782,0.00567593333333,0.0072706,0.00743276833333,0.005773228,0.00800036166667,0.00729762142857,55,0.02,11,3.37,1.83,0.73,1
"129","E000340",44,24,8,17,15,"A00063",3,0.00775035125,0.00632461080594,0.00632461090572,0.00557863097638,0.00604081421625,0.0049948208034,0.0047724169812,0.00593540403061,0.00603270567954,0.004865084,0.00129735666667,0.00443263166667,0,0.00118924333333,0,0,0,13,0,2,1.33,0.43,0.72,0
"130","E000342",30,25,2,11,1,"A00011",1,0.0074143896,0.00693853829788,0.00162169511896,0,0,0,0,0,0,0.005611066,0.00110815833333,0.00397315833333,0,0,0,0,0,4,0,2,1.33,0.13,0.5,0
"131","E000343",76,51,14,43,19,"A0004",4,0.00780957607843,0.00640569549675,0.00781657034531,0.00492995304521,0.00470291576348,0.0034055596528,0.00554619710892,0.00522185806185,0.0082057771273,0.00697329,0.00737871333333,0.00591918666667,0.00710843166667,0.00778413833333,0.004767784,0.00775710833333,0.00718179285714,68,0.02,10,3.23,2.27,0.75,0
"132","E000347",68,46,14,36,18,"A00065",3,0.0081507823913,0.0035677292617,0.00656786491163,0.00604081421625,0.00529753734979,0.00668949214742,0.00567593276501,0.00513536762446,0.00770305166952,0.004183974,0.005784045,0.00632461166667,0.007216545,0.00743277166667,0.003016354,0.00864904166667,0.00692695142857,62,0.02,8,2.62,2.07,0.78,0
"133","E000352",55,37,10,12,13,"A00063",3,0.00807341243243,0.00576860111739,0.00616244142875,0.00478400057182,0.00625974303111,0.00677868546918,0.00716248655226,0.00645975198131,0.00745979736426,0.006519214,0.00783819333333,0.00589216166667,0.00264876833333,0.00581107166667,0,0.00340555833333,0,23,0.01,4,1.68,0.77,0.82,0
"134","E000355",35,14,7,22,14,"A00059",4,0.00796947642857,0.00600027181208,0.00544889545999,0.00496238688938,0.00443263316993,0.00476778349839,0.00434614284895,0.00332447496476,0,0.001297356,0.000702735,0,0,0,0,0,0,17,0,1,1,0.57,0.78,1
"135","E000361",34,27,6,5,5,"A00063",2,0.00815051888889,0.0071586254718,0.00651380850468,0.0086760687409,0.00697328881361,0.00621649778138,0.00764899514616,0,0,0.006097572,0.00670301166667,0.00264876833333,0,0,0,0,0,11,0,2,1.17,0.37,0.78,0
"136","E000362",74,65,12,23,5,"A00059",2,0.00813591938462,0.00634777785412,0.00583810239498,0.00749223129824,0.00764899514616,0.00678409108271,0.00794630575304,0.00762196696763,0.00822431088558,0.007297628,0.007486825,0.00645975166667,0.00716248666667,0.00827063666667,0.005416468,0.00840579,0.00755246571429,54,0.02,8,2.9,1.8,0.82,0
"137","E000363",47,21,10,25,22,"A0002",4,0.0076142452381,0.00646361322807,0.00656786518327,0.00545970668706,0.00547322095372,0.00278931548819,0.00300013588276,0.00393261061981,0.0031136546284,0.003243392,0.00159466666667,0.00137844,0,0,0,0,0,18,0.01,0,0,0.6,0.81,0
"138","E00037",56,40,12,23,12,"A00022",2,0.00852200725,0.00702734539906,0.00693274635705,0.00656786502805,0.00638947850093,0.00518942423514,0.00638947866391,0.00882202144712,0.00929771844919,0.001297356,0.00640569666667,0.00632461166667,0.00729762833333,0.00908149333333,0.005675926,0.008730125,0.00748296285714,58,0.02,8,2.83,1.93,0.79,0
"139","E000370",49,40,10,17,3,"A0009",1,0.0087814815,0.00891932312931,0.0072705996378,0.0083517296395,0.00927068999348,0.00613541303513,0.00804360751063,0.00425694952719,0.00624352600425,0.003437994,0.00754088166667,0.00583810166667,0.00764899666667,0.00924366833333,0.0019136,0.00786522333333,0.0077378,42,0.01,6,2.09,1.4,0.8,0
"140","E000377",34,20,6,13,10,"A00057",2,0.007792244,0.0053979278143,0.00762196665164,0.0056110650301,0.00418937889238,0.00591918701927,0.00673003448173,0,0,0.00308122,0.00148655333333,0.000648678333333,0,0,0,0,0,7,0,0,0,0.23,0.65,0
"141","E000378",33,20,6,12,8,"A00079",2,0.0078652215,0.005421094929,0.00804360751063,0.00554619710892,0.0055678198114,0.00564349889755,0.00580566846766,0,0,0.001556828,0,0,0,0,0,0,0,6,0,0,0,0.2,0.5,0
"142","E000379",70,48,14,38,20,"A0007",3,0.00792603520833,0.00741925509647,0.0052434806712,0.00640569545794,0.00567593285814,0.00522996659856,0.00628406845499,0.00574080059305,0.00644623779226,0.005546198,0.00732465666667,0.00654083666667,0.00759494166667,0.00781117333333,0.003308258,0.00786522166667,0.00669528571429,64,0.02,8,2.76,2.13,0.73,0
"143","E000381",25,11,6,18,9,"A00022",2,0.00762196727273,0.00635704472661,0.00735168453927,0.00579755986109,0.00265957987867,0.00562187610194,0.00548132942058,0,0,0.006648952,0.004838055,0.005027255,0,0.00286499333333,0,0,0,20,0.01,2,1.3,0.67,0.73,1
"144","E000382",41,34,6,26,4,"A00024",2,0.00817525323529,0.00720032602549,0.00691923235233,0.00618560831728,0.00755246562351,0.0062029837718,0.00818956020521,0,0,0.001459526,0.00232443,0.00310824833333,0.00716248833333,0.00572999666667,0.004508314,0.00786522,0.00690378714286,32,0.01,8,2.7,1.07,0.68,1
"145","E000383",45,39,7,1,0,"",0,0.0102998451282,0.00982747226954,0.0101626223574,0.0105641850137,0.00770305155311,0.00734396199031,0.00882665453745,0.00856255013496,0,0.00204334,0.00835173333333,0.00648678166667,0.010514,0.0104599366667,0.0021082,0.00986530833333,0.00857180285714,35,0.01,6,2.11,1.17,0.77,1
"146","E000385",26,12,6,13,9,"A00059",3,0.00805441833333,0.00667597803598,0.00514888187172,0.0053110512672,0.00529753734979,0.00544889559969,0.00551376317162,0,0,0.001200054,0,0,0,0,0,0,0,11,0,0,0,0.37,0.73,1
"147","E000386",56,41,9,30,12,"A00065",2,0.00807683170732,0.00800036235402,0.00613000737503,0.00648678038269,0.00716248659107,0.0057222669545,0.00625510946182,0.00689220416825,0.00803640008801,0.001297356,0.006540835,0.00681112,0.00729763,0.00643272333333,0.002951486,0.00773008,0.00757563142857,56,0.02,10,2.95,1.87,0.7,1
"148","E000390",77,59,12,30,15,"A00082",2,0.00771542135593,0.00627827657653,0.00578404582726,0.00600027184313,0.0072705996378,0.00597324352323,0.00755246569003,0.00632461082811,0.00640569557436,0.007200328,0.00729763,0.006270555,0.00781116666667,0.00778413666667,0.003178524,0.00840578666667,0.00688062428571,50,0.01,8,2.79,1.67,0.79,0
"149","E000391",54,27,6,31,17,"A00063",4,0.00777813185185,0.00668033747183,0.00269201388583,0.00230280703399,0.00312176300213,0.00217307135463,0.000810847559478,0,0,0.00596784,0.00386504166667,0.004081265,0.00351367333333,0.00129735666667,0,0.00127032833333,0,22,0.01,4,1.68,0.73,0.76,0
"150","E000392",72,52,14,23,12,"A00076",1,0.00833613519231,0.00684355339035,0.0064867803206,0.00556781973379,0.00525892552521,0.00739492941648,0.00799264013767,0.00713545838371,0.00837875778476,0.00781657,0.00775710833333,0.00583810166667,0.00724357166667,0.00808144833333,0.003729896,0.00778413666667,0.00676478571429,61,0.02,11,3.28,2.03,0.79,0
"151","E000393",78,54,14,45,20,"A00065",3,0.00762196851852,0.0075003397651,0.00677057699068,0.00548132937402,0.0046488592634,0.00522185824811,0.00632461076602,0.00608135655057,0.00710302451625,0.007265194,0.00691923333333,0.00589216,0.00716248833333,0.00756791166667,0.002789316,0.008000365,0.00676478571429,64,0.02,11,3.3,2.13,0.75,0
"152","E000395",85,63,14,21,15,"A0004",5,0.00830153539683,0.00708912412769,0.00810847533867,0.00771926855668,0.00294221824567,0.0077300798924,0.0076219669011,0.00677868532948,0.00690378754267,0.007816572,0.00778413833333,0.005648905,0.00775711,0.00786522166667,0.003762336,0.008432815,0.00759880714286,65,0.02,11,3.39,2.17,0.77,0
"153","E000396",34,31,6,5,2,"A00057",1,0.00794630548387,0.00894635116371,0.00587864476256,0.00762196692328,0.00723276007921,0.00764899514616,0.00848687098672,0,0,0.007524666,0.0068922,0.00291905166667,0,0.00127032833333,0,0,0,10,0,2,1.25,0.33,0.78,0
"154","E000397",40,33,6,7,4,"A00065",2,0.00817727484848,0.00729762782742,0.00832470141662,0.00713545829058,0.00537476089916,0.00822431075254,0.00748296447897,0,0,0.006259744,0.007324655,0.00554079166667,0,0.002081175,0,0,0,11,0,2,1.31,0.37,0.69,0
"155","E000404",58,34,11,15,20,"A0004",4,0.00737871294118,0.00609294005803,0.00531915994361,0.00640569557436,0.0073300617747,0.00521645252593,0.00694085508585,0.00651921420358,0.00515699042007,0.006875988,0.00770305333333,0.00375692666667,0.00389207,0.00227037333333,0,0.00110815833333,0,29,0.01,4,1.74,0.97,0.73,0
"156","E000406",11,3,3,7,4,"A00064",1,0.00686517666667,0.00705437338911,0.0032433901797,0.00366503093392,0,0,0,0,0,0.002464976,0.000945988333333,0,0,0,0,0,0,4,0,0,0,0.13,0.5,1
"157","E000415",72,51,11,32,17,"A00010",3,0.00821023,0.0080111737363,0.0060002716879,0.00345189383786,0.00416235072771,0.00707059055567,0.00463341449254,0.00629758260523,0.00748296434592,0.00697329,0.00718951666667,0.00489211333333,0.00740574166667,0.00775711,0.005546196,0.008432815,0.00748296142857,68,0.02,8,3.04,2.27,0.77,1
"158","E000417",60,35,13,22,24,"A00058",3,0.00782583828571,0.00378395531637,0.00656786520267,0.00583810231183,0.00709491595626,0.00454074628651,0.00433803431224,0.00616244133562,0.00818956003059,0.007849004,0.007648995,0.00521645333333,0.00800036166667,0.00497319833333,0,0.00424343666667,0,45,0.01,4,2,1.5,0.8,0
"159","E000418",49,22,9,28,23,"A00059",3,0.00731974318182,0.00593077065423,0.00522185820155,0.00489751920104,0.0057975599193,0.00385963430163,0.00447587845847,0.00368356456914,0.00378395516115,0.00431371,0.00108113,0.00113518666667,0,0,0,0,0,22,0.01,2,1.33,0.73,0.8,0
"160","E00042",33,18,6,13,11,"A00057",2,0.00782017166667,0.00590760350626,0.00685166183393,0.00397315295413,0.00745979727556,0.00483805701757,0.00567593278053,0,0,0.001297356,0,0,0,0,0,0,0,8,0,1,1,0.27,0.72,0
"161","E000420",50,37,9,22,9,"A00025",1,0.00868702594595,0.00778413645457,0.00602730010481,0.00567593276501,0.00721654319204,0.00440560496645,0.00583810235063,0.00829381203013,0.00959116805877,0.004411012,0.00505428333333,0.004567775,0.00724357166667,0.00562186833333,0.003470428,0.00827064333333,0.00801580857143,52,0.01,10,3.03,1.73,0.75,1
"162","E000424",30,17,6,14,9,"A00080",2,0.00808939941176,0.00530525958831,0.00604081421625,0.00817334325984,0.00575701752678,0.00638947859406,0.00638947864063,0,0,0.001427092,0.000945988333333,0.00118924333333,0,0,0,0,0,8,0,1,1,0.27,0.72,0
"163","E000425",59,42,9,37,9,"A0007",2,0.00788452738095,0.00644623790868,0.00685166177573,0.00632461085916,0.00743276905268,0.00593077065423,0.00639411195048,0.00502725468121,0.00720495948501,0.002627146,0.00700031666667,0.00410829333333,0.00767602166667,0.00729762833333,0.004183974,0.00700031833333,0.00755246142857,58,0.02,9,3.12,1.93,0.76,1
"164","E000426",52,33,10,29,13,"A0004",3,0.00832470212121,0.00610838473464,0.00656786502805,0.00686517575135,0.00745979743078,0.00556781969499,0,0.00562187617955,0.00516915315529,0.00298392,0.00127032833333,0.00127032833333,0.008000365,0.004081265,0.003892068,0.00791927666667,0.00745979428571,44,0.01,5,1.69,1.47,0.84,1
"165","E000427",67,46,11,36,17,"A0003",2,0.00795688217391,0.00551376328804,0.00681111942201,0.00613000746816,0.00677057693247,0.00705437354433,0.00470291576736,0.00775170242414,0.00576860111739,0.007005724,0.00729762666667,0.00486508666667,0.00756791166667,0.00732465833333,0.003113656,0.00789224833333,0.00739029285714,67,0.02,8,2.43,2.23,0.8,1
"166","E000429",22,19,1,4,0,"",0,0.00829624526316,0.00732711323706,0,0,0,0,0,0,0,0.002886618,0.00137844,0,0,0.00110815833333,0,0,0,1,0,1,1,0.03,-0.5,1
"167","E00043",31,21,6,7,7,"A00059",2,0.00822431285714,0.00722812661635,0.00748682565366,0.00609757350758,0.00716789225116,0.00577323441394,0.00659489321212,0,0,0.004702916,0.00118924333333,0.00151358166667,0,0,0,0,0,10,0,1,1,0.33,0.74,0
"168","E000432",73,55,14,13,15,"A00059",3,0.00856254981818,0.00694626065282,0.00797873986885,0.00590297011659,0.00514888192993,0.00733006168157,0.00729762809351,0.00506779714487,0.00875715329312,0.007849006,0.00862201166667,0.00664895166667,0.008135505,0.00870310333333,0,0.00864904,0.00282638,50,0.01,4,1.95,1.67,0.86,0
"169","E000433",44,22,8,20,17,"A00058",4,0.00739345545455,0.0056990998398,0.00540565039652,0.0055948481895,0.0027893156046,0.00230280701071,0.00788143817335,0.00518942438066,0.00480021745898,0.001848732,0.002243345,0,0,0,0,0,0,14,0,1,1,0.47,0.78,0
"170","E000435",35,31,6,19,1,"A00025",1,0.00818171548387,0.00656786514446,0.00739492960274,0.00808144717788,0.008189560147,0.00711229117587,0.0068574534463,0,0,0.001297356,0.002540655,0.00167575,0.00524348166667,0.00429749833333,0.001718996,0.00740574,0.00581493714286,15,0,5,2.03,0.5,0.62,1
"171","E000437",14,6,3,9,3,"A00020",1,0.007324655,0.00721654319204,0.00632461085916,0.00441101063043,0,0,0,0,0,0.003665032,0.00108113,0.001621695,0,0.00170278,0.001718996,0,0,5,0,1,1,0.17,0.64,1
"172","E000439",63,58,10,3,0,"",0,0.00850830551724,0.00732079507517,0.008189560147,0.00737871276215,0.00755709912628,0.00797873996198,0.00774359412026,0.008189560147,0.00937880311782,0.007427366,0.00816253,0.00537862166667,0.00786522166667,0.00886526833333,0.003697468,0.00962205,0.00803896285714,36,0.01,8,2.77,1.2,0.77,0
"173","E00044",66,32,14,33,30,"A00064",5,0.007353375625,0.00427046371624,0.00725708552636,0.0056110650301,0.00613000746816,0.00470291571692,0.00551376328804,0.00492995306849,0.00489751920104,0.00648678,0.00716248666667,0.00462183166667,0.00562187666667,0.00300013666667,0,0.00205414833333,0,51,0.01,4,1.83,1.7,0.79,0
"174","E000440",45,22,10,15,21,"A00059",3,0.00791682272727,0.00549059620659,0.00567593274172,0.0049948208034,0.00288661718369,0.00512455636635,0.00790576357394,0.00240010872949,0,0.00207577,0.00129735666667,0,0,0,0,0,0,13,0,1,1,0.43,0.73,0
"175","E000444",32,15,7,14,13,"A00059",2,0.00745979866667,0.0072976279771,0.00632461087662,0.00651921434328,0.00450020388234,0.00435154838488,0.00604081421625,0.00353529527783,0,0.004508314,0,0.00189197833333,0,0,0,0,0,15,0,2,1.25,0.5,0.81,0
"176","E000450",31,19,6,10,9,"A00058",2,0.00820236473684,0.00583810226193,0.00655164821073,0.00522996659856,0.0049948208034,0.00603270577267,0.00645434646867,0,0,0.002464976,0,0,0,0,0,0,0,8,0,0,0,0.27,0.66,0
"177","E000452",56,38,13,14,15,"A00064",4,0.00819809552632,0.0107031874359,0,0,0.00751385398002,0.00283796642907,0.00741925498005,0.00867606885731,0.00509212259203,0.006227306,0.00789225,0.00700032,0.005675925,0.005351595,0.001848732,0.00291905,0,25,0.01,5,1.97,0.83,0.84,0
"178","E000454",84,61,14,31,18,"A00064",2,0.00790642639344,0.00660261565021,0.00648678035941,0.00638947859406,0.00652732269373,0.00572998922629,0.00567593285814,0.00597324354264,0.00554619729519,0.007070592,0.00729763,0.00554079333333,0.00775710833333,0.00783819166667,0.004670484,0.00894635,0.00732079,71,0.02,8,2.94,2.37,0.81,0
"179","E000457",41,18,8,20,20,"A00063",3,0.00747781722222,0.00641727899866,0.00513536770207,0.00483265139628,0.00628406839678,0.00405423770038,0.00184873235412,0.00397315295413,0.00445966143161,0.000616244,0,0,0,0,0,0,0,11,0,0,0,0.37,0.74,0
"180","E000459",77,47,12,39,18,"A00082",3,0.00778758808511,0.00711229137544,0.00643272371963,0.00531915980391,0.00544889550656,0.0054326786,0.00629758256643,0.00604660596166,0.00644044624642,0.00681112,0.005973245,0.00475697333333,0.00764899833333,0.00821658666667,0.0019136,0.00545970833333,0.00268738,50,0.01,7,2.65,1.67,0.75,0
"181","E000461",74,49,14,36,22,"A00059",2,0.00760872979592,0.0075679103223,0.00561106493697,0.00625974303111,0.00648678035941,0.0063516391286,0.00729762790725,0.00610838481225,0.00610838481225,0.006908422,0.00724357166667,0.005324565,0.00664895,0.006459755,0.004865086,0.00791928,0.00556009857143,69,0.02,9,3.11,2.3,0.77,0
"182","E000462",61,30,12,35,25,"A00064",4,0.00733006166667,0.00478400057182,0.00570836672559,0.00544889550656,0.00632461076602,0.00491914176382,0.00535159381106,0.00466237345245,0.00489211354094,0.007103026,0.00602730166667,0.0049732,0.006270555,0.00259471166667,0.001686562,0.00424343666667,0,44,0.01,4,1.83,1.47,0.77,0
"183","E000464",41,26,8,11,12,"A00063",2,0.00759701692308,0.00525892539216,0.00755709903315,0.00619487520307,0.00729762786068,0.00518942428753,0.00428127502091,0.00616244142875,0.00720032602549,0.005351592,0.005459705,0.00264876833333,0,0,0,0,0,16,0,2,1.25,0.53,0.8,0
"184","E000471",64,55,10,5,6,"A00063",2,0.009417626,0.00823821090162,0.00640569565197,0.00727446071271,0.00924366181716,0.00908149246659,0.0100545095546,0.0082011438374,0.00867606862448,0.00801118,0.00932475333333,0.00618945833333,0.00927068833333,0.00970315,0.00415154,0.00983827,0.00843282,45,0.01,11,3.12,1.5,0.78,1
"185","E000472",56,53,9,0,0,"",0,0.00984032566038,0.00915099367765,0.00807604137808,0.0103139806539,0.00959502921129,0.0101703449285,0.0101240106991,0.00866448520018,0.0090583254184,0.008335514,0.00945987166667,0.00859497333333,0.00997343333333,0.01002748,0.004119114,0.00959502666667,0.00875715428571,41,0.01,10,2.96,1.37,0.77,1
"186","E000474",64,58,10,1,1,"A00076",1,0.00982523344828,0.00820114357131,0.0101355941345,0.00757563267169,0.00937880327304,0.00989234000444,0.00843281445226,0.00932474667206,0.0104058766738,0.009762618,0.00932475333333,0.00648677166667,0.00891932166667,0.0102437033333,0.0038272,0.0104328866667,0.00908149142857,36,0.01,8,2.77,1.2,0.77,0
"187","E000475",69,56,11,19,9,"A00057",3,0.00836041785714,0.00551376328804,0.00480021750554,0.00535159380524,0.0075949387004,0.00810847532315,0.00837875786237,0.00639411201701,0.00806214128222,0.0074598,0.00805442,0.00570296166667,0.00716248666667,0.00883822833333,0.003275824,0.00786522,0.00792314571429,58,0.02,11,3.21,1.93,0.78,1
"188","E000480",40,19,8,14,15,"A00058",3,0.00759636052632,0.0061856083838,0.00418397337198,0.0045731801074,0.00531915985048,0.0041515394114,0.00636515312362,0.00263525452465,0.0053515937645,0.00149196,0.00062165,0,0,0,0,0,0,10,0,2,1.33,0.33,0.64,0
"189","E000483",76,57,12,28,16,"A00065",3,0.00808286947368,0.00740574098503,0.00735168438405,0.00610838492867,0.0066489498131,0.00724357141492,0.00706595721255,0.00685745357935,0.00741346333442,0.007330064,0.00743277166667,0.00616244166667,0.007054375,0.00840578166667,0.006973286,0.00737871333333,0.00748296,65,0.02,8,3.22,2.17,0.78,0
"190","E000484",41,15,10,19,20,"A00080",5,0.00833551066667,0.0044712449557,0.00581107405014,0.00516239608017,0.00664894992951,0.0048110287947,0.00640569557436,0.00450020382414,0.0036082714214,0.001524394,0,0,0,0,0,0,0,9,0,0,0,0.3,0.67,0
"191","E000491",12,4,3,5,4,"A00058",2,0.0079868475,0.00616244133562,0.00564349880442,0.00235145789338,0,0,0,0,0,0,0,0,0,0,0,0,0,5,0,0,0,0.17,0.48,1
"192","E000494",41,19,8,17,16,"A00057",3,0.00739151526316,0.00461024751088,0.0051083395568,0.00741925509647,0.00267579685897,0.0027163393097,0.00596783799119,0.00563539046561,0.00546742922493,0.003308256,0,0.001919005,0,0,0,0,0,17,0,2,1.33,0.57,0.79,0
"193","E000496",34,15,7,16,17,"A00059",5,0.00705978,0.00583810226193,0.00460561406799,0.0042569496436,0.00625974303111,0.00411910549738,0.00470291581005,0.00637866742909,0,0.00132979,0,0,0,0,0,0,0,17,0,0,0,0.57,0.77,0
"194","E000497",51,38,8,36,9,"A0009",1,0.00778840368421,0.00735168438405,0.00716248651346,0.00529753734979,0.00773780214201,0.00595393763589,0.00642596674152,0.00575701760439,0.00644623790868,0.001297356,0.00562187666667,0.00367584166667,0.00708140333333,0.006865175,0.002886618,0.007351685,0.00697329428571,49,0.01,10,3.11,1.63,0.74,1
"195","E000498",40,27,8,11,10,"A00080",2,0.00756190444444,0.00600027179878,0.00606513964012,0.00583810225362,0.00561106498353,0.00745979727556,0.00580566851422,0.00544889550656,0.00740574067459,0.00457318,0.00508131166667,0.00391909666667,0,0.0012433,0,0,0,14,0,2,1.29,0.47,0.83,0
"196","E00050",33,27,7,16,2,"A00019",1,0.00807243814815,0.00642191246152,0.005870536156,0.00713545829058,0.00837875793998,0.00854092751009,0.00450020388234,0,0,0.00132979,0.00221631666667,0,0.00524348333333,0.002973105,0.001686562,0.00713546,0.00465658,11,0,2,1.12,0.37,0.83,1
"197","E000504",38,33,7,15,2,"A00025",1,0.00848686939394,0.00713545829058,0.0068111193832,0.00806793291122,0.0078073034196,0.00548673514277,0.0079260347411,0.0106058856472,0,0.001427092,0.00600027333333,0.00294608166667,0.00743277,0.005594855,0.00175143,0.00637866666667,0.00739029714286,28,0.01,6,2.04,0.93,0.77,1
"198","E000505",31,27,4,14,0,"",0,0.00871511111111,0.00664894989071,0.00870309708019,0.00774809873352,0.00734627870843,0,0,0,0,0.001459526,0,0.001324385,0.004892115,0.00464885166667,0.006000284,0.00545970666667,0.00701962142857,16,0,4,1.52,0.53,0.75,1
"199","E000508",87,64,14,34,17,"A0005",3,0.008100875625,0.00734396192378,0.00829767327135,0.00518942422544,0.00723276017234,0.00514888192993,0.00545970676467,0.00660840747878,0.00627055438235,0.007005724,0.00745979833333,0.006297585,0.00751385666667,0.00764899333333,0.004767784,0.00832470166667,0.00725129714286,67,0.02,11,3.5,2.23,0.76,0
"200","E000509",11,5,4,7,2,"A00079",2,0.007459796,0.00754088233225,0.00616244133562,0.00329744668367,0.00383801176213,0,0,0,0,0.001394658,0,0.00143249666667,0,0.000486508333333,0,0,0,0,0,0,0,0,0,1
"201","E00051",52,45,9,10,3,"A0004",1,0.00908509733333,0.00820577731356,0.00723275989294,0.00781657034531,0.00736249573529,0.0092436619103,0.00947533281786,0.00859498392258,0.00773780207549,0.00499482,0.00881120666667,0.00778413166667,0.00875715166667,0.00883823833333,0.00580567,0.00921664,0.00829381428571,48,0.01,10,3.46,1.6,0.74,1
"202","E000514",41,32,9,12,4,"A0004",2,0.00849363,0.00800036235402,0.00855444162153,0.00591918690285,0.00581107397253,0.00748296447897,0.00835172979472,0.00596783794463,0.00427046371624,0.00282175,0.00108113,0.00159466666667,0.00786522166667,0.00583810666667,0.001848732,0.00859498666667,0.00699645571429,29,0.01,4,1.79,0.97,0.76,1
"203","E000517",46,36,8,26,6,"A0007",1,0.00803640222222,0.00675706285983,0.00713545829058,0.00700572263449,0.00802739065451,0.0050475258613,0.00677057699068,0.00800036235402,0.00796947295644,0.001362224,0.00278391,0.00370287,0.00694626166667,0.00678409833333,0.00314609,0.00775710833333,0.00678795714286,42,0.01,10,3.04,1.4,0.76,1
"204","E00052",27,13,6,22,6,"A00022",2,0.00779660923077,0.00691923235233,0.00559484807309,0.00694626057521,0.00443263326694,0.00697328872047,0.00445966148982,0,0,0.001394658,0.00062165,0.00397315166667,0.00310824833333,0.00091896,0.001135186,0.0035407,0.000996184285714,19,0.01,4,1.75,0.63,0.68,1
"205","E000521",39,16,8,22,17,"A00059",3,0.007551018125,0.00521259132906,0.00510833947919,0.00415153950453,0.0035677292035,0.0061218990013,0.00701383128762,0.00397315295413,0.00489751910791,0,0,0,0,0,0,0,0,10,0,0,0,0.33,0.66,0
"206","E000529",29,23,3,5,2,"A00015",1,0.00796745695652,0.00641046529499,0.00648678028956,0.00727446077924,0,0,0,0,0,0.003989368,0.00294607833333,0.00151358166667,0,0,0,0,0,2,0,0,0,0.07,0,0
"207","E000531",60,51,10,8,3,"A0005",1,0.00878576980392,0.008627417963,0.00721654311443,0.00790576369036,0.00927609596401,0.00804360751063,0.00791927753016,0.00815480960799,0.00837200076785,0.007200324,0.00813550333333,0.00705437166667,0.00843281333333,0.008865265,0.003794762,0.00859498333333,0.00806214285714,52,0.01,10,3.36,1.73,0.74,1
"208","E000535",19,15,5,8,1,"A00010",1,0.00815172,0.00612189888489,0.00762196676806,0.00887878029607,0.00755709912628,0,0,0,0,0.007427366,0.00662192166667,0.005919185,0,0.00351367166667,0,0,0,11,0,2,1.31,0.37,0.69,1
"209","E000538",74,61,12,22,8,"A0002",2,0.00800745213115,0.00752929850881,0.00787680469719,0.00616244133562,0.00578404582726,0.00675706278222,0.00878958720714,0.00637866719626,0.00810847531206,0.007394932,0.00783819333333,0.00605432666667,0.00743277166667,0.00694625333333,0.00282175,0.00810847666667,0.00681111428571,49,0.01,8,2.36,1.63,0.78,0
"210","E00054",72,62,12,10,4,"A00057",2,0.00884085032258,0.00796947295644,0.00695012173881,0.00748682557605,0.008189560147,0.00720495950165,0.00954483382936,0.00875715325986,0.0089463510861,0.007849008,0.00894635833333,0.00781116333333,0.00864903666667,0.00913554833333,0.0042164,0.00875714,0.00769146571429,47,0.01,8,2.7,1.57,0.81,0
"211","E000540",45,39,9,24,2,"A0007",1,0.00829975025641,0.00797873986885,0.00616244125801,0.00709491595626,0.00833551269025,0.00830307891592,0.00660261565021,0.00564890448004,0.00932474659445,0.001297356,0.00635164,0.004243435,0.006730035,0.00859498333333,0.005708356,0.00816253166667,0.00697328857143,36,0.01,8,2.8,1.2,0.75,1
"212","E000541",24,22,4,0,1,"A00059",1,0.00857286909091,0.00755246562351,0.00745979743078,0.00851389913199,0.00917879398912,0,0,0,0,0.005513762,0.00143249666667,0,0,0,0,0,0,3,0,1,1,0.1,0.44,0
"213","E000544",29,20,6,10,6,"A00059",2,0.008213888,0.00891932286322,0.00529753727218,0.00713545829058,0.00869228541851,0.00417586485855,0.00482454290614,0,0,0.00350286,0.00108113,0,0,0,0,0,0,7,0,0,0,0.23,0.65,0
"214","E000548",15,7,3,9,2,"A00059",1,0.00727446285714,0.00660840736236,0.00556781969499,0.00282174940221,0,0,0,0,0,0.002627146,0,0.000837875,0,0,0,0,0,7,0,2,1.25,0.23,0.57,1
"215","E000549",54,46,10,18,4,"A0008",1,0.00825654478261,0.00735168422883,0.00583810219541,0.00762196688447,0.00656786514446,0.00786522131724,0.00815480947495,0.00632461080594,0.007662509277,0.002692014,0.00608135833333,0.00535159333333,0.00778414,0.00797333333333,0.003567726,0.008405785,0.00778414142857,43,0.01,8,2.74,1.43,0.75,0
"216","E00055",30,14,6,16,11,"A00080",3,0.00755246428571,0.00449441203714,0.00659489328973,0.00572998945912,0.00642191255465,0.0030163529329,0.00445966160623,0,0,0.001297356,0,0.0012433,0,0,0,0,0,6,0,0,0,0.2,0.67,0
"217","E000550",76,65,11,11,7,"A00020",2,0.00834050153846,0.00727446084576,0.00741346320137,0.00710843022292,0.00689220397423,0.00694626049759,0.00781116456104,0.00745979736426,0.00798684818437,0.007751704,0.00729763,0.00648678166667,0.007973335,0.00848686833333,0.003373126,0.00840579166667,0.00783047142857,55,0.02,11,3.46,1.83,0.8,0
"218","E000551",72,64,12,13,3,"A00059",1,0.0083694671875,0.00739029615319,0.00737871260693,0.00804360760376,0.00687598707154,0.00745979727556,0.00834014612649,0.00743276913029,0.00831697914483,0.007654402,0.007648995,0.00524348166667,0.00735168666667,0.00791926833333,0.006065146,0.00808143833333,0.00778414142857,48,0.01,8,2.91,1.6,0.81,0
"219","E000557",21,9,5,10,5,"A00080",2,0.00810847888889,0.00616244140214,0.00579755997751,0.0064867803012,0.00126492215786,0,0,0,0,0.000454074,0,0,0,0,0,0,0,2,0,0,0,0.07,0,1
"220","E000559",24,19,4,5,3,"A00063",1,0.00776706736842,0.00667211686128,0.00781116456104,0.00640569557436,0.00716789225116,0,0,0,0,0.001362224,0,0,0,0,0,0,0,0,0,0,0,0,0,0
"221","E000560",34,18,7,12,10,"A00064",2,0.00772107222222,0.00625974303111,0.00737871264573,0.00762196684567,0.00608135655057,0.00593540407717,0.00431370893493,0.00454074628651,0,0.003373128,0.00118924333333,0.000351366666667,0,0,0,0,0,9,0,1,1,0.3,0.74,0
"222","E000562",20,11,4,5,4,"A00079",2,0.00794630454545,0.00556009748418,0.00661651594564,0.00814901781268,0.00445966154803,0,0,0,0,0.001200054,0,0,0,0,0,0,0,0,0,0,0,0,0,0
"223","E000563",47,26,6,21,12,"A00063",2,0.00798373,0.00607398516414,0.00616244127741,0.00383801172332,0.00655628148732,0.00646650907584,0.00217770479087,0,0,0.00580567,0.00170277833333,0.00475697166667,0,0.00045948,0,0,0,16,0,2,1.27,0.53,0.76,0
"224","E000565",18,7,4,13,5,"A00063",1,0.00748296571429,0.00725708540995,0.00654083692158,0.00532456545625,0.00249741049483,0,0,0,0,0.002335242,0.00108113,0.000729763333333,0,0.000351366666667,0,0,0,7,0,1,1,0.23,0.65,1
"225","E000569",62,49,11,27,10,"A0004",2,0.0082011444898,0.00400018117701,0.00717600074131,0.00729762786068,0.0070705906488,0.00651921425015,0.00660840747878,0.00767602329142,0.00815480960799,0.007103026,0.00572999,0.00624352666667,0.00789225,0.00781116333333,0.003081222,0.008405785,0.00785364142857,57,0.02,11,3.32,1.9,0.74,1
"226","E000570",63,46,12,18,14,"A00057",2,0.00845044130435,0.00620298366994,0.00372989871539,0.00502725476399,0.00709491618909,0.00771926864982,0.00494616994789,0.0082706448622,0.00751385379893,0.005902972,0.00800036166667,0.00670300666667,0.00867606666667,0.00640569666667,0.00350286,0.008838235,0.00778413857143,62,0.02,9,2.91,2.07,0.79,0
"227","E000571",42,37,7,15,0,"",0,0.00846349594595,0.00856255004182,0.00635704472661,0.00743276928551,0.0084868708315,0.00561511912383,0.00752929864185,0.00908149257302,0,0.003210956,0.00294607833333,0.00264876833333,0.00789224833333,0.00670300833333,0.003373126,0.00778413833333,0.00711229,30,0.01,8,2.61,1,0.79,1
"228","E000572",22,14,4,4,4,"A00079",1,0.00798105642857,0.00576860105087,0.00729762790725,0.00648678028956,0.00716789225116,0,0,0,0,0.001556828,0,0,0,0,0,0,0,2,0,0,0,0.07,0,0
"229","E000575",62,47,12,14,13,"A00079",1,0.00803946595745,0.00546742905863,0.00486508535687,0.00651921425015,0.00951394438744,0.00748682549844,0.00551376328804,0.00531105138361,0.00518942428753,0.007038158,0.00875715166667,0.00740573333333,0.007351685,0.00721654333333,0,0.00637866833333,0,37,0.01,4,2.05,1.23,0.78,0
"230","E000576",30,18,5,10,8,"A00064",2,0.00839677611111,0.00815480960799,0.00815480974104,0.00581107405014,0.0046704818029,0.00593540393747,0,0,0,0.002529844,0.00108113,0,0,0,0,0,0,7,0,1,1,0.23,0.73,0
"231","E000584",71,53,4,18,18,"A0004",3,0.00778107754717,0.00679910674269,0.00572226688798,0.00751385387654,0.00593077052119,0,0,0,0,0.007330064,0.00689220333333,0.006270555,0.00713546,0.00786522166667,0,0.00516239833333,0.00118152,51,0.01,4,2.03,1.7,0.82,0
"232","E000586",28,14,6,10,10,"A00080",2,0.00779571857143,0.00465658157399,0.0059597294312,0.00717600085773,0.00454074621666,0.00600027176552,0.00687598707154,0,0,0.001297356,0,0,0,0,0,0,0,8,0,0,0,0.27,0.66,0
"233","E000587",70,64,13,1,1,"A00057",1,0.0094717159375,0.00757563273822,0.00810847536195,0.00758142455015,0.00778413633816,0.00762196695432,0.0100220755674,0.00940583157353,0.00910852057859,0.009373398,0.00905446166667,0.006135415,0.0093788,0.00975719166667,0.003892072,0.01005452,0.00866448714286,44,0.01,8,2.68,1.47,0.82,0
"234","E000589",24,23,4,0,0,"",0,0.00922955695652,0.00834014612649,0.00937880311782,0.00881120981649,0.00895175682381,0,0,0,0,0.00648678,0.001621695,0,0,0,0,0,0,0,0,0,0,0,0,0
"235","E000590",35,17,9,18,13,"A00063",3,0.00757427,0.00651380862109,0.0064462380833,0.00502725469414,0.00625974298455,0.00515699042007,0.0059597294312,0,0.0034055596916,0.002075772,0,0,0,0,0,0,0,7,0,0,0,0.23,0.65,0
"236","E000591",42,37,7,13,1,"A00015",1,0.00884919810811,0.00805441887739,0.00845984260862,0.00769146797912,0.00729762778307,0.00705437354433,0.00732465616117,0.0100869435817,0,0.001427092,0.002540655,0.00275688166667,0.00775711,0.00737870333333,0.003924502,0.00859498333333,0.00734396142857,31,0.01,8,2.56,1.03,0.75,1
"237","E000592",73,47,12,45,21,"A0004",3,0.00780483978723,0.0048110287947,0.00668949214742,0.00554619710892,0.00440174381116,0.00632461076602,0.00537862201842,0.00539792794734,0.00734396199031,0.005513764,0.00545970666667,0.00591918666667,0.00675706333333,0.00716248833333,0.003048788,0.00856795333333,0.00739029571429,69,0.02,8,2.77,2.3,0.78,0
"238","E000593",38,33,5,9,0,"",0,0.00913554727273,0.00873012530307,0.00834014619301,0.0079665769008,0.0064507426901,0.008615255123,0,0,0,0.001362224,0,0,0.00829767166667,0.00597324166667,0.006000266,0.00843281833333,0.00748296285714,25,0.01,7,2.34,0.83,0.72,1
"239","E000594",56,36,10,17,20,"A0004",5,0.00732465694444,0,0,0.00650549223288,0.0069732889533,0.0040542377159,0.00567593274172,0.00655164821073,0.00522185806185,0.006519214,0.007189515,0.006135415,0,0.00121627166667,0,0,0,36,0.01,2,1.33,1.2,0.73,0
"240","E0006",24,23,4,0,0,"",0,0.00871484391304,0.00794630590826,0.00843281423052,0.00837875793998,0.00878958730027,0,0,0,0,0.006324614,0.00156763833333,0,0,0,0,0,0,0,0,0,0,0,0,0
"241","E000608",56,31,13,20,18,"A00059",4,0.00784691129032,0.00794630590826,0.00340555957519,0.00433803419583,0,0.00648678041762,0.00486508524045,0.0068111193832,0.00770305178594,0.004573182,0.00702734666667,0.00518942333333,0.00232443166667,0.00359475666667,0,0,0,22,0.01,2,1.29,0.73,0.86,0
"242","E00061",38,34,7,22,1,"A00028",1,0.00836603941176,0.0075679103223,0.00497319820958,0.00845984260862,0.00900040753186,0.00583810237003,0.00881121012693,0.00985990613699,0,0.001556828,0.00156763833333,0.00275688166667,0.00686517666667,0.00702734166667,0.003470426,0.00802739,0.00674161285714,31,0.01,8,2.56,1.03,0.72,1
"243","E000610",80,63,14,26,11,"A0004",3,0.00796689825397,0.00687598716468,0.00782467878889,0.00544889541343,0.00713545829058,0.00583810228854,0.00721654303682,0.00758953299373,0.00600027192074,0.00729763,0.00691923333333,0.00516239666667,0.00759494166667,0.00837874833333,0.004767784,0.00791927833333,0.00708912428571,60,0.02,11,3.5,2,0.77,0
"244","E000613",62,59,10,0,0,"",0,0.0092216720339,0.00776096925672,0.00927069007109,0.0083517296395,0.00889229471795,0.00921122822911,0.00889229487317,0.00875715337073,0.00970314218042,0.008173342,0.008811205,0.00791927166667,0.00835173,0.00964908333333,0.003600162,0.009459885,0.00864132428571,35,0.01,8,2.79,1.17,0.76,0
"245","E000615",62,48,11,29,11,"A0002",2,0.00798684958333,0.00737871276215,0.00636515324004,0.00557863102295,0.00494617002551,0.00656786514446,0.00543267854179,0.00707059046254,0.00770305166952,0.005254292,0.00578404666667,0.00594621666667,0.00829767166667,0.00718951666667,0.003308258,0.00773007333333,0.00773780857143,59,0.02,11,3.32,1.97,0.75,1
"246","E000623",44,28,8,14,13,"A00058",2,0.00801001392857,0.00671845102417,0.00347042754292,0.00580566851422,0.00506779726129,0.00389206818848,0.00675706289864,0.00781657034531,0.00694626041998,0.007946304,0.00554079,0.00154061,0,0,0,0,0,15,0,2,1.2,0.5,0.83,0
"247","E000630",33,14,6,15,14,"A00059",3,0.00750613142857,0.00505042182548,0.00535159381106,0.00496238693595,0.00515699037351,0.00408126592326,0.00554619720206,0,0,0.00116762,0,0,0,0,0,0,0,12,0,1,1,0.4,0.76,0
"248","E000631",67,52,8,19,5,"A00078",1,0.00853884923077,0.00747389910722,0.00729762781411,0.00775710819289,0.00722812661635,0.00867606870209,0.00945988794168,0.00713545836819,0.00297986473015,0.007524666,0.00818956,0.005540795,0.00873012333333,0.00921664,0.003989366,0.00913554666667,0.00194603428571,38,0.01,9,2.9,1.27,0.76,0
"249","E000632",67,49,12,25,14,"A0009",3,0.00823092836735,0.00800036250924,0.00616244133562,0.00690842103213,0.00574080059305,0.00810847536195,0.006027300066,0.00537862194081,0.00750613159367,0.005740802,0.00605433,0.00686517666667,0.00794630666667,0.00837874833333,0.003373126,0.008027395,0.00752929142857,64,0.02,11,3.25,2.13,0.77,0
"250","E000638",31,14,7,19,10,"A00080",3,0.00785363142857,0.00610838481225,0.00660840747878,0.00677868546918,0.00648678047583,0.00372989871539,0.00363259706646,0.00165412900969,0,0.001297356,0,0,0,0,0,0,0,8,0,0,0,0.27,0.66,1
"251","E000639",62,33,9,41,18,"A00034",2,0.00784802181818,0.00441911909729,0.00595972940209,0.00700572272763,0.00659489328973,0.00662578276492,0.00490562769119,0.00456391326484,0.00414269383658,0.001556828,0.002540655,0.0024866,0.00670300666667,0.00689220166667,0.003308258,0.007676025,0.00602344,56,0.02,7,2.43,1.87,0.75,1
"252","E000641",32,18,6,9,9,"A00057",2,0.00789224888889,0.0064636132946,0.00754088221584,0.00515699042007,0.00593540407717,0.0051083395568,0.00648678047583,0,0,0.002854184,0,0,0,0,0,0,0,7,0,0,0,0.23,0.65,0
"253","E000642",7,1,2,7,2,"A00061",1,0.00681112,0.00459480270122,0.00231091547175,0,0,0,0,0,0,0,0,0,0,0,0,0,0,2,0,0,0,0.07,0,1
"254","E000644",70,64,12,4,1,"A00052",1,0.00937542578125,0.00808530846345,0.00959502936651,0.00962205735656,0.00883823819458,0.00930852983147,0.00918960540245,0.00870309700258,0.00935177497255,0.008432814,0.00862201,0.006594895,0.00864903666667,0.009351765,0.003502862,0.00913555,0.00822430142857,49,0.01,11,3.39,1.63,0.77,0
"255","E000645",30,13,6,13,10,"A00059",4,0.00764691615385,0.00660261578326,0.00435540976468,0.00713545838371,0.00514888187172,0.00145952559542,0.000810847559478,0,0,0,0.000270283333333,0.00135141333333,0,0,0,0,0,14,0,1,1,0.47,0.6,0
"256","E000648",32,29,5,0,1,"A00065",1,0.00883544137931,0.00787680456415,0.00856795573297,0.00773007997001,0.00697328879808,0.00942899858845,0,0,0,0.008303076,0.00108113,0.00635163,0,0,0,0,0,2,0,2,1.33,0.07,-0.38,0
"257","E000650",26,23,2,7,1,"A0004",1,0.00795335434783,0.00722812661635,0.00723275998607,0,0,0,0,0,0,0.003600162,0.00108113,0.0012433,0,0,0,0,0,3,0,1,1,0.1,0.44,0
"258","E000652",42,26,8,17,13,"A0005",2,0.00752840807692,0.00544426197718,0.00590297002345,0.00661651585251,0.00717600085773,0.00372989866883,0.00587053624913,0.00535159371793,0.00624352610127,0.004962388,0.00540565166667,0.00254065666667,0,0,0,0,0,19,0.01,2,1.25,0.63,0.84,0
"259","E000654",41,40,4,2,0,"",0,0.0088301305,0.00808252830058,0.00865985173732,0.00962205758939,0.0100220756605,0,0,0,0,0.007751702,0.00881121,0.00651380333333,0.00313527666667,0.00324339,0.004119112,0.00321635833333,0,14,0,4,1.65,0.47,0.69,0
"260","E000655",39,30,6,10,7,"A00058",1,0.00794089766667,0.00674161820539,0.00708140192243,0.00508131133392,0.00678409092749,0.00664894987962,0.00759879991944,0,0,0.006713816,0.007054365,0.00451371,0,0.00127032833333,0,0,0,14,0,2,1.25,0.47,0.72,0
"261","E000656",44,41,7,12,0,"",0,0.0088599904878,0.00856254994869,0.00843281446335,0.0085138992096,0.00855444162153,0.00769146784608,0.00806214128222,0.00801117382944,0,0.001589262,0.00667597833333,0.00705437,0.00797333333333,0.00970314166667,0.003794766,0.00754088166667,0.00817797285714,32,0.01,9,2.79,1.07,0.76,1
"262","E000658",21,18,2,3,0,"",0,0.00909049611111,0.00878032044108,0.00581493528028,0,0,0,0,0,0,0.001816298,0.00275688166667,0,0,0,0,0,0,2,0,2,1.33,0.07,-0.38,1
"263","E000659",73,46,14,25,24,"A00059",3,0.00775240956522,0.00621649778138,0.0056353903492,0.0063894786872,0.00612189888489,0.00677057693247,0.00602730014361,0.00441101063043,0.00619487529621,0.00729763,0.00710843166667,0.00686517666667,0.00694626166667,0.00770305,0,0.00518942333333,0,49,0.01,4,2.05,1.63,0.8,0
"264","E000660",30,21,5,5,3,"A00063",2,0.0082474747619,0.00757563260517,0.00837875801759,0.00667597803598,0.00600027181208,0.00600027190133,0,0,0,0.004021806,0.00118924333333,0.00478399333333,0,0,0,0,0,2,0,2,1.33,0.07,-0.38,0
"265","E000662",78,64,14,32,9,"A00018",2,0.007789204375,0.00699645580192,0.00690842103213,0.00721654295921,0.00651921434328,0.00755709903315,0.00831118738279,0.00709491595626,0.00705437354433,0.00729763,0.006730035,0.005973245,0.00697329,0.00802738333333,0.004378578,0.00808144833333,0.00718179428571,61,0.02,8,2.88,2.03,0.78,0
"266","E000667",43,36,7,17,4,"A00031",1,0.00827965388889,0.00732465600595,0.00687598707154,0.00683814760608,0.00722812661635,0.00857471249765,0.00679310049034,0.00794630567543,0,0.001297356,0.00121627166667,0.00243254333333,0.00713546,0.00797333333333,0.00340556,0.00832469333333,0.00718179142857,33,0.01,5,1.97,1.1,0.75,1
"267","E000668",62,49,11,21,9,"A0002",3,0.00820776081633,0.00767602321381,0.00642191246152,0.00574080059305,0.00640569557436,0.00726519403979,0.00774359388743,0.00737871252932,0.00875715337073,0.005773236,0.007838195,0.00621649833333,0.00778413666667,0.00800036166667,0.003210956,0.00818955166667,0.00762196285714,58,0.02,11,3.26,1.93,0.76,1
"268","E000669",11,0,3,9,2,"A00046",1,0,0.0018649493868,0.0032433901797,0.00162169511896,0,0,0,0,0,0.00032434,0,0.000540566666667,0,0,0,0,0,2,0,0,0,0.07,0,1
"269","E00067",23,19,4,2,1,"A00059",1,0.00831331894737,0.00762196696763,0.00759493846757,0.00835172971711,0.00673003463695,0,0,0,0,0.003048788,0.00110815833333,0,0,0,0,0,0,2,0,0,0,0.07,0,0
"270","E000673",60,44,12,32,12,"A0002",3,0.00794630795455,0.00535159383435,0.00583810242824,0.00624352600425,0.00689220405184,0.00687598707154,0.00531105138361,0.00782467878889,0.00669528397598,0.005708368,0.00586513166667,0.00478400166667,0.00791928166667,0.00767602333333,0.005448904,0.007486825,0.00708912285714,59,0.02,11,3.36,1.97,0.77,0
"271","E000674",32,21,6,12,7,"A00059",2,0.00763741047619,0.00676478518705,0.00797873986885,0.00616244142875,0.00583810235063,0.00525429202244,0.0037298987736,0,0,0.001297356,0.00108113,0.00118924333333,0,0,0,0,0,8,0,1,1,0.27,0.66,0
"272","E00068",46,23,10,19,21,"A00059",4,0.00767132391304,0.00474924993302,0.00668138377368,0.00567593276501,0.0068111193832,0.00559484795667,0.00621649778138,0.00535159371793,0.00596783780493,0.004216408,0.00108113,0.00300014333333,0,0,0,0,0,16,0,2,1.33,0.53,0.77,0
"273","E000681",25,20,4,6,2,"A00063",1,0.0084409255,0.00766830093094,0.00837875793998,0.0071354584458,0.00629758252762,0,0,0,0,0.002010902,0.001162215,0,0,0,0,0,0,1,0,1,1,0.03,-0.5,0
"274","E000682",28,13,6,11,9,"A00080",3,0.0081459,0.00486508524045,0.00612189876847,0.00518942428753,0.00691923235233,0.0042569495854,0.00603270577267,0,0,0.001718996,0,0,0,0,0,0,0,4,0,0,0,0.13,0.5,0
"275","E000685",33,18,6,16,10,"A00056",2,0.00723456222222,0.0057222669545,0.00548132942058,0.00428127497435,0.00402180375531,0.00559484795667,0.00587053620256,0,0,0.001362224,0,0,0,0,0,0,0,8,0,0,0,0.27,0.66,0
"276","E000687",72,64,12,3,2,"A00059",1,0.0089497315625,0.0074134632679,0.00818956022461,0.00686517582896,0.00675706270461,0.00875715343282,0.00866448513365,0.00827064481564,0.00903515843675,0.008205776,0.008243615,0.005946215,0.008297675,0.00875714666667,0.004021804,0.00851390166667,0.00780730285714,48,0.01,8,2.65,1.6,0.8,0
"277","E000688",37,31,6,4,5,"A00079",1,0.00798292290323,0.00669528397598,0.00616244133562,0.00726519394666,0.00643272379724,0.00756791016708,0.00847914881472,0,0,0.007751704,0.008811205,0.00259471166667,0,0.00127032833333,0,0,0,15,0,2,1.22,0.5,0.83,0
"278","E00069",55,32,10,20,19,"A00064",3,0.0073685759375,0.00535159371793,0.00372989873867,0.0057732344605,0.00360827159602,0.00583810219541,0.00509675605489,0.00532456553386,0.00713545829058,0.00606514,0.00724357166667,0.00483805666667,0,0.003648815,0,0,0,25,0.01,2,1.31,0.83,0.84,0
"279","E000692",18,14,3,12,0,"",0,0.00825906928571,0.00729762790725,0.00835172971711,0.00623194248016,0,0,0,0,0,0.002919052,0.00113518666667,0,0.006757065,0.006675985,0.001621696,0.00272985666667,0.00185336571429,7,0,1,1,0.23,0.78,1
"280","E000693",15,8,4,7,4,"A0007",1,0.00849363125,0.00770305166952,0.0060327055864,0.007338170195,0.00628406833857,0,0,0,0,0.002724448,0.00137844,0.00259471,0,0.00129735666667,0,0,0.00118152,7,0,1,1,0.23,0.65,1
"281","E00072",44,21,10,19,18,"A00065",3,0.00738257190476,0.00650994732444,0.00697328879808,0.00489751929417,0.00643272387485,0.00664894996832,0.00145952558766,0.00589215879639,0.00551376324147,0.00431371,0.000270283333333,0,0,0,0,0,0,17,0,2,1.33,0.57,0.81,0
"282","E00073",44,41,7,0,0,"",0,0.0103709456098,0.0103788483888,0.0100274810878,0.0104946840022,0.00970700343273,0.00915099361113,0.00794630602468,0.0110275268089,0,0.0020109,0.00810846666667,0.00837875666667,0.010027495,0.0105410233333,0.004086666,0.00975721,0.00933634285714,35,0.01,9,2.73,1.17,0.75,1
"283","E00074",25,22,4,18,1,"A00025",1,0.00787996636364,0.00736249564216,0.00656786491163,0.00861815103729,0.00610838483812,0,0,0,0,0.001589262,0.00113518666667,0.00218928833333,0.00237848666667,0.00391909666667,0.00175143,0.00467588833333,0.00372990285714,9,0,4,1.79,0.3,0.49,1
"284","E00075",20,9,5,14,4,"A00065",3,0.00713546,0.00762196676806,0.00604081418714,0.00463804798201,0.00383801168452,0.00344610202592,0,0,0,0.002594712,0.00213523166667,0.00486508666667,0.00367584333333,0.00154061,0,0,0.00185336571429,9,0,2,1.3,0.3,0.49,1
"285","E00079",85,64,9,38,11,"A0001",3,0.00819462953125,0.00814322605064,0.00656786518327,0.00579176823209,0.00693725121932,0.00522996658401,0.0044191191555,0.00713545822405,0.00352139506556,0.007103026,0.00729762666667,0.00583810666667,0.00683814833333,0.00724357166667,0.003437994,0.007703045,0.00725129571429,68,0.02,11,4.06,2.27,0.79,0
"286","E00080",45,39,7,3,0,"",0,0.0100669825641,0.0101842451841,0.0102707354041,0.0102398460731,0.00707464490552,0.00624352600425,0.00850231559681,0.0105815604329,0,0.0020109,0.00870308333333,0.00681111166667,0.0104599166667,0.00970314666667,0.0021082,0.00902744,0.00836330428571,35,0.01,6,2.11,1.17,0.77,1
"287","E00082",70,45,12,28,22,"A00082",3,0.008364342,0.00780730348613,0.00405423770038,0.00847335660364,0.00481102875589,0.00578404573025,0.00548673498755,0.00418937896999,0.00684355329722,0.007427366,0.00727059833333,0.00748682833333,0.00781116166667,0.00681111833333,0,0.00527050833333,0,52,0.01,4,2.05,1.73,0.77,0
"288","E00085",44,41,7,0,0,"",0,0.0104184090244,0.0103139808401,0.0104599332747,0.0104251827246,0.0100313423734,0.00788549217395,0.00891932286322,0.0110275265761,0,0.0021082,0.00854093666667,0.00835173333333,0.01000045,0.01064915,0.00434614,0.00986530833333,0.00889616142857,35,0.01,9,2.73,1.17,0.75,1
"289","E00086",45,39,7,1,0,"",0,0.0103913220513,0.0103464147076,0.0104869616528,0.0104251827246,0.00741925498005,0.00739029621972,0.00757563273822,0.0107031874359,0,0.00207576,0.00837876333333,0.00689219833333,0.010108545,0.0107302166667,0.006194888,0.00967611,0.00882666285714,35,0.01,7,2.83,1.17,0.73,1
"290","E00087",46,38,7,26,4,"A00019",1,0.00831332263158,0.00762196676806,0.00713545829058,0.00770305159191,0.00776096925672,0.00706595701299,0.00733366541358,0.00715572969057,0,0.00282175,0.00245957166667,0.00137844,0.007378715,0.006892205,0.005643504,0.00805441833333,0.00681111428571,39,0.01,7,2.4,1.3,0.72,1
"291","E00088",68,57,10,9,8,"A00076",1,0.00835884421053,0.0066721169278,0.00786522116202,0.00645975202012,0.00472994397084,0.00736249564216,0.00641727906519,0.00743276905268,0.00893959426321,0.007362498,0.00827064333333,0.00705437666667,0.00797333333333,0.00686518,0.0038272,0.009081495,0.00803897714286,42,0.01,8,2.8,1.4,0.78,0
"292","E0009",34,31,5,6,0,"",0,0.00900825548387,0.00817797652313,0.00889229471795,0.00783047053431,0.00764513401581,0.00861815097077,0,0,0,0.001524394,0,0.00135141333333,0.00745979833333,0.00643271833333,0.005708366,0.00829768333333,0.00776096714286,21,0.01,5,1.98,0.7,0.72,1
"293","E00090",42,38,8,7,1,"A00052",1,0.00911989526316,0.00840038051829,0.00827064504847,0.00843281447887,0.00945216550359,0.00810847524554,0.00810847537858,0.00670300639467,0.00956800114363,0.001589262,0.00272985333333,0.005486735,0.00827063666667,0.00924366166667,0.003762332,0.00935177333333,0.00776096571429,37,0.01,10,2.96,1.23,0.73,1
"294","E00091",24,16,4,8,3,"A00076",1,0.008047663125,0.00699645593496,0.00604660596166,0.00437857676297,0.0058705360163,0,0,0,0,0.002951484,0,0,0,0,0,0,0,2,0,0,0,0.07,0,0
"295","E00092",45,35,8,18,7,"A00034",2,0.00859035085714,0.00635704454035,0.00814901769627,0.00691923235233,0.00816253192412,0.00748296447897,0.00610838471524,0.00729762800038,0.00797333413114,0.001297356,0.00443263166667,0.00127032833333,0.00759493833333,0.00294608,0.00175143,0.00808145166667,0.00732079285714,29,0.01,4,1.84,0.97,0.75,1
"296","E00097",80,55,14,35,21,"A0004",4,0.00774285636364,0.00708140200004,0.00668949232204,0.00629217703827,0.00463804793544,0.005870536156,0.00729762772098,0.00635163905099,0.00637866739028,0.00739493,0.00756791,0.00597324333333,0.00729763,0.00764899666667,0.003113656,0.00743277,0.00681111714286,70,0.02,11,3.27,2.33,0.82,0
"297","E00098",55,46,9,23,5,"A00015",2,0.00853505391304,0.00814901769627,0.00613541299632,0.00794630602468,0.00718951481394,0.00686517582896,0.00871081942958,0.00683428626508,0.00632461090572,0.002756882,0.00654083833333,0.00683814666667,0.00835172833333,0.00832470333333,0.003146088,0.00848687,0.00829381857143,49,0.01,10,3.19,1.63,0.74,1
